country_region_code,country_region,place_id,date,retail_and_recreation_percent_change_from_baseline,grocery_and_pharmacy_percent_change_from_baseline,parks_percent_change_from_baseline,transit_stations_percent_change_from_baseline,workplaces_percent_change_from_baseline,residential_percent_change_from_baseline
MA,Morocco,ChIJjcVRlmGICw0Rw_8sxIGT09k,2021-01-01,-33,21,-35,-26,-46,21
MA,Morocco,ChIJjcVRlmGICw0Rw_8sxIGT09k,2021-01-02,-26,27,-25,-14,-9,14
MA,Morocco,ChIJjcVRlmGICw0Rw_8sxIGT09k,2021-01-03,-22,26,-17,-10,-7,11
MA,Morocco,ChIJjcVRlmGICw0Rw_8sxIGT09k,2021-01-04,-22,34,-21,-6,-8,11
MA,Morocco,ChIJjcVRlmGICw0Rw_8sxIGT09k,2021-01-05,-28,23,-32,-14,-9,13
MA,Morocco,ChIJjcVRlmGICw0Rw_8sxIGT09k,2021-01-06,-27,25,-35,-15,-8,14
MA,Morocco,ChIJjcVRlmGICw0Rw_8sxIGT09k,2021-01-07,-27,26,-34,-16,-10,14
MA,Morocco,ChIJjcVRlmGICw0Rw_8sxIGT09k,2021-01-08,-29,28,-38,-19,-7,15
MA,Morocco,ChIJjcVRlmGICw0Rw_8sxIGT09k,2021-01-09,-28,19,-41,-20,-2,14
MA,Morocco,ChIJjcVRlmGICw0Rw_8sxIGT09k,2021-01-10,-28,7,-39,-27,-10,14
MA,Morocco,ChIJjcVRlmGICw0Rw_8sxIGT09k,2021-01-11,-20,26,-26,-18,-45,17
MA,Morocco,ChIJjcVRlmGICw0Rw_8sxIGT09k,2021-01-12,-21,29,-24,-10,-8,9
MA,Morocco,ChIJjcVRlmGICw0Rw_8sxIGT09k,2021-01-13,-24,24,-29,-15,-10,8
MA,Morocco,ChIJjcVRlmGICw0Rw_8sxIGT09k,2021-01-14,-26,21,-31,-20,-15,7
MA,Morocco,ChIJjcVRlmGICw0Rw_8sxIGT09k,2021-01-15,-30,19,-35,-23,-14,8
MA,Morocco,ChIJjcVRlmGICw0Rw_8sxIGT09k,2021-01-16,-30,12,-34,-24,-13,8
MA,Morocco,ChIJjcVRlmGICw0Rw_8sxIGT09k,2021-01-17,-27,5,-27,-24,-19,8
MA,Morocco,ChIJjcVRlmGICw0Rw_8sxIGT09k,2021-01-18,-28,13,-33,-20,-16,8
MA,Morocco,ChIJjcVRlmGICw0Rw_8sxIGT09k,2021-01-19,-28,16,-31,-20,-17,8
MA,Morocco,ChIJjcVRlmGICw0Rw_8sxIGT09k,2021-01-20,-30,12,-38,-22,-15,9
MA,Morocco,ChIJjcVRlmGICw0Rw_8sxIGT09k,2021-01-21,-25,22,-31,-18,-15,8
MA,Morocco,ChIJjcVRlmGICw0Rw_8sxIGT09k,2021-01-22,-28,19,-37,-20,-13,9
MA,Morocco,ChIJjcVRlmGICw0Rw_8sxIGT09k,2021-01-23,-25,18,-30,-17,-11,8
MA,Morocco,ChIJjcVRlmGICw0Rw_8sxIGT09k,2021-01-24,-23,8,-24,-19,-15,7
MA,Morocco,ChIJjcVRlmGICw0Rw_8sxIGT09k,2021-01-25,-23,18,-23,-14,-24,8
MA,Morocco,ChIJjcVRlmGICw0Rw_8sxIGT09k,2021-01-26,-23,20,-20,-17,-25,8
MA,Morocco,ChIJjcVRlmGICw0Rw_8sxIGT09k,2021-01-27,-23,20,-22,-18,-24,8
MA,Morocco,ChIJjcVRlmGICw0Rw_8sxIGT09k,2021-01-28,-21,27,-18,-17,-25,7
MA,Morocco,ChIJjcVRlmGICw0Rw_8sxIGT09k,2021-01-29,-22,36,-22,-17,-22,7
MA,Morocco,ChIJjcVRlmGICw0Rw_8sxIGT09k,2021-01-30,-22,29,-26,-16,-16,5
MA,Morocco,ChIJjcVRlmGICw0Rw_8sxIGT09k,2021-01-31,-20,25,-22,-16,-13,3
MA,Morocco,ChIJjcVRlmGICw0Rw_8sxIGT09k,2021-02-01,-22,34,-28,-16,-14,5
MA,Morocco,ChIJjcVRlmGICw0Rw_8sxIGT09k,2021-02-02,-21,37,-26,-17,-13,5
MA,Morocco,ChIJjcVRlmGICw0Rw_8sxIGT09k,2021-02-03,-24,29,-30,-23,-13,6
MA,Morocco,ChIJjcVRlmGICw0Rw_8sxIGT09k,2021-02-04,-25,30,-29,-24,-14,5
MA,Morocco,ChIJjcVRlmGICw0Rw_8sxIGT09k,2021-02-05,-27,32,-35,-26,-10,7
MA,Morocco,ChIJjcVRlmGICw0Rw_8sxIGT09k,2021-02-06,-27,18,-37,-28,-10,8
MA,Morocco,ChIJjcVRlmGICw0Rw_8sxIGT09k,2021-02-07,-24,15,-30,-28,-14,8
MA,Morocco,ChIJjcVRlmGICw0Rw_8sxIGT09k,2021-02-08,-26,25,-35,-23,-14,6
MA,Morocco,ChIJjcVRlmGICw0Rw_8sxIGT09k,2021-02-09,-23,34,-31,-22,-13,7
MA,Morocco,ChIJjcVRlmGICw0Rw_8sxIGT09k,2021-02-10,-22,33,-28,-21,-12,6
MA,Morocco,ChIJjcVRlmGICw0Rw_8sxIGT09k,2021-02-11,-22,34,-28,-22,-13,6
MA,Morocco,ChIJjcVRlmGICw0Rw_8sxIGT09k,2021-02-12,-24,37,-31,-23,-10,6
MA,Morocco,ChIJjcVRlmGICw0Rw_8sxIGT09k,2021-02-13,-22,27,-26,-24,-10,5
MA,Morocco,ChIJjcVRlmGICw0Rw_8sxIGT09k,2021-02-14,-19,19,-16,-24,-13,4
MA,Morocco,ChIJjcVRlmGICw0Rw_8sxIGT09k,2021-02-15,-23,30,-31,-22,-13,4
MA,Morocco,ChIJjcVRlmGICw0Rw_8sxIGT09k,2021-02-16,-23,32,-29,-24,-14,5
MA,Morocco,ChIJjcVRlmGICw0Rw_8sxIGT09k,2021-02-17,-22,33,-29,-22,-12,5
MA,Morocco,ChIJjcVRlmGICw0Rw_8sxIGT09k,2021-02-18,-21,37,-27,-20,-12,5
MA,Morocco,ChIJjcVRlmGICw0Rw_8sxIGT09k,2021-02-19,-22,41,-28,-21,-9,5
MA,Morocco,ChIJjcVRlmGICw0Rw_8sxIGT09k,2021-02-20,-21,32,-22,-21,-7,4
MA,Morocco,ChIJjcVRlmGICw0Rw_8sxIGT09k,2021-02-21,-27,12,-38,-31,-14,7
MA,Morocco,ChIJjcVRlmGICw0Rw_8sxIGT09k,2021-02-22,-21,36,-28,-19,-10,5
MA,Morocco,ChIJjcVRlmGICw0Rw_8sxIGT09k,2021-02-23,-20,37,-27,-21,-11,5
MA,Morocco,ChIJjcVRlmGICw0Rw_8sxIGT09k,2021-02-24,-21,36,-28,-20,-10,5
MA,Morocco,ChIJjcVRlmGICw0Rw_8sxIGT09k,2021-02-25,-21,39,-28,-19,-10,5
MA,Morocco,ChIJjcVRlmGICw0Rw_8sxIGT09k,2021-02-26,-22,43,-33,-20,-7,6
MA,Morocco,ChIJjcVRlmGICw0Rw_8sxIGT09k,2021-02-27,-19,37,-27,-19,-4,5
MA,Morocco,ChIJjcVRlmGICw0Rw_8sxIGT09k,2021-02-28,-18,26,-23,-20,-10,5
MA,Morocco,ChIJjcVRlmGICw0Rw_8sxIGT09k,2021-03-01,-19,41,-30,-15,-8,4
MA,Morocco,ChIJjcVRlmGICw0Rw_8sxIGT09k,2021-03-02,-17,46,-25,-16,-9,4
MA,Morocco,ChIJjcVRlmGICw0Rw_8sxIGT09k,2021-03-03,-17,43,-26,-16,-9,5
MA,Morocco,ChIJjcVRlmGICw0Rw_8sxIGT09k,2021-03-04,-17,46,-26,-15,-9,4
MA,Morocco,ChIJjcVRlmGICw0Rw_8sxIGT09k,2021-03-05,-21,46,-32,-17,-5,5
MA,Morocco,ChIJjcVRlmGICw0Rw_8sxIGT09k,2021-03-06,-18,39,-27,-18,-4,5
MA,Morocco,ChIJjcVRlmGICw0Rw_8sxIGT09k,2021-03-07,-18,26,-24,-21,-9,6
MA,Morocco,ChIJjcVRlmGICw0Rw_8sxIGT09k,2021-03-08,-18,40,-30,-15,-8,4
MA,Morocco,ChIJjcVRlmGICw0Rw_8sxIGT09k,2021-03-09,-17,45,-25,-16,-8,5
MA,Morocco,ChIJjcVRlmGICw0Rw_8sxIGT09k,2021-03-10,-17,44,-24,-14,-7,5
MA,Morocco,ChIJjcVRlmGICw0Rw_8sxIGT09k,2021-03-11,-17,47,-24,-14,-8,5
MA,Morocco,ChIJjcVRlmGICw0Rw_8sxIGT09k,2021-03-12,-18,51,-24,-12,-5,5
MA,Morocco,ChIJjcVRlmGICw0Rw_8sxIGT09k,2021-03-13,-17,39,-17,-11,-5,3
MA,Morocco,ChIJjcVRlmGICw0Rw_8sxIGT09k,2021-03-14,-14,31,-5,-10,-12,2
MA,Morocco,ChIJjcVRlmGICw0Rw_8sxIGT09k,2021-03-15,-16,42,-16,-9,-20,3
MA,Morocco,ChIJjcVRlmGICw0Rw_8sxIGT09k,2021-03-16,-15,44,-12,-11,-20,3
MA,Morocco,ChIJjcVRlmGICw0Rw_8sxIGT09k,2021-03-17,-15,44,-12,-11,-19,3
MA,Morocco,ChIJjcVRlmGICw0Rw_8sxIGT09k,2021-03-18,-13,50,-10,-9,-19,3
MA,Morocco,ChIJjcVRlmGICw0Rw_8sxIGT09k,2021-03-19,-16,52,-15,-11,-17,4
MA,Morocco,ChIJjcVRlmGICw0Rw_8sxIGT09k,2021-03-20,-21,33,-28,-16,-13,5
MA,Morocco,ChIJjcVRlmGICw0Rw_8sxIGT09k,2021-03-21,-15,32,-10,-11,-10,2
MA,Morocco,ChIJjcVRlmGICw0Rw_8sxIGT09k,2021-03-22,-16,47,-21,-10,-8,4
MA,Morocco,ChIJjcVRlmGICw0Rw_8sxIGT09k,2021-03-23,-16,48,-19,-13,-10,4
MA,Morocco,ChIJjcVRlmGICw0Rw_8sxIGT09k,2021-03-24,-17,45,-21,-14,-8,4
MA,Morocco,ChIJjcVRlmGICw0Rw_8sxIGT09k,2021-03-25,-18,47,-22,-13,-8,4
MA,Morocco,ChIJjcVRlmGICw0Rw_8sxIGT09k,2021-03-26,-19,51,-24,-15,-5,5
MA,Morocco,ChIJjcVRlmGICw0Rw_8sxIGT09k,2021-03-27,-19,39,-20,-17,-3,5
MA,Morocco,ChIJjcVRlmGICw0Rw_8sxIGT09k,2021-03-28,-18,29,-18,-18,-9,5
MA,Morocco,ChIJjcVRlmGICw0Rw_8sxIGT09k,2021-03-29,-20,41,-26,-15,-7,4
MA,Morocco,ChIJjcVRlmGICw0Rw_8sxIGT09k,2021-03-30,-17,45,-24,-12,-6,4
MA,Morocco,ChIJjcVRlmGICw0Rw_8sxIGT09k,2021-03-31,-15,48,-23,-14,-7,4
MA,Morocco,ChIJjcVRlmGICw0Rw_8sxIGT09k,2021-04-01,-13,57,-18,-9,-6,4
MA,Morocco,ChIJjcVRlmGICw0Rw_8sxIGT09k,2021-04-02,-14,61,-19,-10,-3,4
MA,Morocco,ChIJjcVRlmGICw0Rw_8sxIGT09k,2021-04-03,-14,49,-12,-12,-3,3
MA,Morocco,ChIJjcVRlmGICw0Rw_8sxIGT09k,2021-04-04,-12,40,-3,-12,-9,3
MA,Morocco,ChIJjcVRlmGICw0Rw_8sxIGT09k,2021-04-05,-13,53,-18,-9,-10,4
MA,Morocco,ChIJjcVRlmGICw0Rw_8sxIGT09k,2021-04-06,-14,53,-18,-11,-7,4
MA,Morocco,ChIJjcVRlmGICw0Rw_8sxIGT09k,2021-04-07,-14,53,-20,-10,-8,4
MA,Morocco,ChIJjcVRlmGICw0Rw_8sxIGT09k,2021-04-08,-13,56,-19,-8,-7,4
MA,Morocco,ChIJjcVRlmGICw0Rw_8sxIGT09k,2021-04-09,-16,58,-22,-11,-4,4
MA,Morocco,ChIJjcVRlmGICw0Rw_8sxIGT09k,2021-04-10,-15,48,-16,-12,-4,4
MA,Morocco,ChIJjcVRlmGICw0Rw_8sxIGT09k,2021-04-11,-10,45,-6,-10,-8,3
MA,Morocco,ChIJjcVRlmGICw0Rw_8sxIGT09k,2021-04-12,-11,59,-20,-4,-5,3
MA,Morocco,ChIJjcVRlmGICw0Rw_8sxIGT09k,2021-04-13,-12,66,-22,-11,-6,4
MA,Morocco,ChIJjcVRlmGICw0Rw_8sxIGT09k,2021-04-14,-50,32,-44,-32,-19,13
MA,Morocco,ChIJjcVRlmGICw0Rw_8sxIGT09k,2021-04-15,-50,32,-42,-33,-18,14
MA,Morocco,ChIJjcVRlmGICw0Rw_8sxIGT09k,2021-04-16,-51,36,-41,-34,-15,15
MA,Morocco,ChIJjcVRlmGICw0Rw_8sxIGT09k,2021-04-17,-49,26,-41,-38,-18,16
MA,Morocco,ChIJjcVRlmGICw0Rw_8sxIGT09k,2021-04-18,-50,20,-37,-40,-29,16
MA,Morocco,ChIJjcVRlmGICw0Rw_8sxIGT09k,2021-04-19,-47,30,-38,-30,-17,13
MA,Morocco,ChIJjcVRlmGICw0Rw_8sxIGT09k,2021-04-20,-47,36,-36,-30,-17,13
MA,Morocco,ChIJjcVRlmGICw0Rw_8sxIGT09k,2021-04-21,-46,36,-36,-30,-17,13
MA,Morocco,ChIJjcVRlmGICw0Rw_8sxIGT09k,2021-04-22,-46,37,-35,-30,-17,13
MA,Morocco,ChIJjcVRlmGICw0Rw_8sxIGT09k,2021-04-23,-47,43,-37,-30,-14,14
MA,Morocco,ChIJjcVRlmGICw0Rw_8sxIGT09k,2021-04-24,-46,33,-38,-33,-15,14
MA,Morocco,ChIJjcVRlmGICw0Rw_8sxIGT09k,2021-04-25,-47,25,-35,-37,-27,14
MA,Morocco,ChIJjcVRlmGICw0Rw_8sxIGT09k,2021-04-26,-46,35,-38,-29,-17,12
MA,Morocco,ChIJjcVRlmGICw0Rw_8sxIGT09k,2021-04-27,-45,38,-35,-30,-17,13
MA,Morocco,ChIJjcVRlmGICw0Rw_8sxIGT09k,2021-04-28,-45,39,-35,-30,-17,13
MA,Morocco,ChIJjcVRlmGICw0Rw_8sxIGT09k,2021-04-29,-43,43,-33,-29,-17,13
MA,Morocco,ChIJjcVRlmGICw0Rw_8sxIGT09k,2021-04-30,-45,51,-38,-28,-13,13
MA,Morocco,ChIJjcVRlmGICw0Rw_8sxIGT09k,2021-05-01,-40,45,-31,-29,-34,15
MA,Morocco,ChIJjcVRlmGICw0Rw_8sxIGT09k,2021-05-02,-40,38,-28,-29,-25,12
MA,Morocco,ChIJjcVRlmGICw0Rw_8sxIGT09k,2021-05-03,-40,48,-31,-23,-14,11
MA,Morocco,ChIJjcVRlmGICw0Rw_8sxIGT09k,2021-05-04,-40,51,-30,-24,-13,12
MA,Morocco,ChIJjcVRlmGICw0Rw_8sxIGT09k,2021-05-05,-40,48,-31,-24,-14,12
MA,Morocco,ChIJjcVRlmGICw0Rw_8sxIGT09k,2021-05-06,-39,52,-28,-22,-14,12
MA,Morocco,ChIJjcVRlmGICw0Rw_8sxIGT09k,2021-05-07,-41,58,-31,-23,-10,13
MA,Morocco,ChIJjcVRlmGICw0Rw_8sxIGT09k,2021-05-08,-40,42,-35,-24,-12,12
MA,Morocco,ChIJjcVRlmGICw0Rw_8sxIGT09k,2021-05-09,-37,44,-28,-24,-17,12
MA,Morocco,ChIJjcVRlmGICw0Rw_8sxIGT09k,2021-05-10,-34,56,-23,-17,-26,11
MA,Morocco,ChIJjcVRlmGICw0Rw_8sxIGT09k,2021-05-11,-32,67,-19,-15,-27,12
MA,Morocco,ChIJjcVRlmGICw0Rw_8sxIGT09k,2021-05-12,-25,88,-13,-8,-34,12
MA,Morocco,ChIJjcVRlmGICw0Rw_8sxIGT09k,2021-05-13,-32,27,-7,-24,-70,11
MA,Morocco,ChIJjcVRlmGICw0Rw_8sxIGT09k,2021-05-14,-24,38,-1,-27,-64,13
MA,Morocco,ChIJjcVRlmGICw0Rw_8sxIGT09k,2021-05-15,-21,30,-2,-20,-39,8
MA,Morocco,ChIJjcVRlmGICw0Rw_8sxIGT09k,2021-05-16,-18,29,-5,-11,-17,2
MA,Morocco,ChIJjcVRlmGICw0Rw_8sxIGT09k,2021-05-17,-13,55,-15,-8,-9,5
MA,Morocco,ChIJjcVRlmGICw0Rw_8sxIGT09k,2021-05-18,-13,57,-14,-9,-8,6
MA,Morocco,ChIJjcVRlmGICw0Rw_8sxIGT09k,2021-05-19,-13,57,-14,-10,-7,6
MA,Morocco,ChIJjcVRlmGICw0Rw_8sxIGT09k,2021-05-20,-11,62,-12,-10,-5,6
MA,Morocco,ChIJjcVRlmGICw0Rw_8sxIGT09k,2021-05-21,-4,73,-4,-5,0,5
MA,Morocco,ChIJjcVRlmGICw0Rw_8sxIGT09k,2021-05-22,-7,57,-3,-6,2,5
MA,Morocco,ChIJjcVRlmGICw0Rw_8sxIGT09k,2021-05-23,-4,49,3,-8,-4,5
MA,Morocco,ChIJjcVRlmGICw0Rw_8sxIGT09k,2021-05-24,-6,60,-10,-4,-4,5
MA,Morocco,ChIJjcVRlmGICw0Rw_8sxIGT09k,2021-05-25,-5,62,-8,-6,-4,5
MA,Morocco,ChIJjcVRlmGICw0Rw_8sxIGT09k,2021-05-26,-4,64,-9,-5,-5,5
MA,Morocco,ChIJjcVRlmGICw0Rw_8sxIGT09k,2021-05-27,-2,73,-8,-4,-5,4
MA,Morocco,ChIJjcVRlmGICw0Rw_8sxIGT09k,2021-05-28,0,85,-3,-1,-1,4
MA,Morocco,ChIJjcVRlmGICw0Rw_8sxIGT09k,2021-05-29,0,71,0,-1,0,4
MA,Morocco,ChIJjcVRlmGICw0Rw_8sxIGT09k,2021-05-30,0,61,5,-3,-7,4
MA,Morocco,ChIJjcVRlmGICw0Rw_8sxIGT09k,2021-05-31,1,76,-4,2,-5,2
MA,Morocco,ChIJjcVRlmGICw0Rw_8sxIGT09k,2021-06-01,4,83,1,3,-5,3
MA,Morocco,ChIJjcVRlmGICw0Rw_8sxIGT09k,2021-06-02,4,82,2,3,-6,4
MA,Morocco,ChIJjcVRlmGICw0Rw_8sxIGT09k,2021-06-03,3,83,0,3,-4,4
MA,Morocco,ChIJjcVRlmGICw0Rw_8sxIGT09k,2021-06-04,3,92,1,3,0,4
MA,Morocco,ChIJjcVRlmGICw0Rw_8sxIGT09k,2021-06-05,3,77,8,4,0,3
MA,Morocco,ChIJjcVRlmGICw0Rw_8sxIGT09k,2021-06-06,3,63,18,0,-6,3
MA,Morocco,ChIJjcVRlmGICw0Rw_8sxIGT09k,2021-06-07,3,78,1,5,-4,3
MA,Morocco,ChIJjcVRlmGICw0Rw_8sxIGT09k,2021-06-08,3,77,0,2,-4,3
MA,Morocco,ChIJjcVRlmGICw0Rw_8sxIGT09k,2021-06-09,3,78,3,2,-5,3
MA,Morocco,ChIJjcVRlmGICw0Rw_8sxIGT09k,2021-06-10,5,82,5,3,-4,2
MA,Morocco,ChIJjcVRlmGICw0Rw_8sxIGT09k,2021-06-11,2,86,3,2,-1,3
MA,Morocco,ChIJjcVRlmGICw0Rw_8sxIGT09k,2021-06-12,-1,69,8,2,-2,2
MA,Morocco,ChIJjcVRlmGICw0Rw_8sxIGT09k,2021-06-13,-1,57,18,-2,-9,2
MA,Morocco,ChIJjcVRlmGICw0Rw_8sxIGT09k,2021-06-14,1,72,2,3,-7,2
MA,Morocco,ChIJjcVRlmGICw0Rw_8sxIGT09k,2021-06-15,1,74,2,5,-7,2
MA,Morocco,ChIJjcVRlmGICw0Rw_8sxIGT09k,2021-06-16,1,72,1,4,-9,2
MA,Morocco,ChIJjcVRlmGICw0Rw_8sxIGT09k,2021-06-17,1,74,0,2,-11,2
MA,Morocco,ChIJjcVRlmGICw0Rw_8sxIGT09k,2021-06-18,-2,78,-2,1,-7,2
MA,Morocco,ChIJjcVRlmGICw0Rw_8sxIGT09k,2021-06-19,-3,64,1,2,-5,2
MA,Morocco,ChIJjcVRlmGICw0Rw_8sxIGT09k,2021-06-20,-2,54,15,-1,-13,1
MA,Morocco,ChIJjcVRlmGICw0Rw_8sxIGT09k,2021-06-21,1,69,1,5,-12,1
MA,Morocco,ChIJjcVRlmGICw0Rw_8sxIGT09k,2021-06-22,2,72,5,4,-12,1
MA,Morocco,ChIJjcVRlmGICw0Rw_8sxIGT09k,2021-06-23,3,72,5,4,-12,2
MA,Morocco,ChIJjcVRlmGICw0Rw_8sxIGT09k,2021-06-24,5,77,8,6,-12,1
MA,Morocco,ChIJjcVRlmGICw0Rw_8sxIGT09k,2021-06-25,3,83,8,5,-9,2
MA,Morocco,ChIJjcVRlmGICw0Rw_8sxIGT09k,2021-06-26,0,66,12,4,-7,2
MA,Morocco,ChIJjcVRlmGICw0Rw_8sxIGT09k,2021-06-27,1,55,23,1,-11,1
MA,Morocco,ChIJjcVRlmGICw0Rw_8sxIGT09k,2021-06-28,6,74,10,9,-12,0
MA,Morocco,ChIJjcVRlmGICw0Rw_8sxIGT09k,2021-06-29,4,72,10,5,-13,1
MA,Morocco,ChIJjcVRlmGICw0Rw_8sxIGT09k,2021-06-30,8,81,15,9,-12,0
MA,Morocco,ChIJjcVRlmGICw0Rw_8sxIGT09k,2021-07-01,13,92,21,14,-11,1
MA,Morocco,ChIJjcVRlmGICw0Rw_8sxIGT09k,2021-07-02,10,94,17,11,-7,2
MA,Morocco,ChIJjcVRlmGICw0Rw_8sxIGT09k,2021-07-03,5,78,20,10,-6,1
MA,Morocco,ChIJjcVRlmGICw0Rw_8sxIGT09k,2021-07-04,8,71,35,11,-9,0
MA,Morocco,ChIJjcVRlmGICw0Rw_8sxIGT09k,2021-07-05,13,88,25,17,-10,0
MA,Morocco,ChIJjcVRlmGICw0Rw_8sxIGT09k,2021-07-06,13,88,22,14,-11,1
MA,Morocco,ChIJjcVRlmGICw0Rw_8sxIGT09k,2021-07-07,14,91,25,17,-12,1
MA,Morocco,ChIJjcVRlmGICw0Rw_8sxIGT09k,2021-07-08,15,96,30,18,-12,0
MA,Morocco,ChIJjcVRlmGICw0Rw_8sxIGT09k,2021-07-09,12,100,25,16,-8,1
MA,Morocco,ChIJjcVRlmGICw0Rw_8sxIGT09k,2021-07-10,8,80,28,15,-3,0
MA,Morocco,ChIJjcVRlmGICw0Rw_8sxIGT09k,2021-07-11,10,71,38,13,-4,0
MA,Morocco,ChIJjcVRlmGICw0Rw_8sxIGT09k,2021-07-12,17,97,36,22,-12,0
MA,Morocco,ChIJjcVRlmGICw0Rw_8sxIGT09k,2021-07-13,19,103,39,23,-13,0
MA,Morocco,ChIJjcVRlmGICw0Rw_8sxIGT09k,2021-07-14,22,105,37,25,-14,0
MA,Morocco,ChIJjcVRlmGICw0Rw_8sxIGT09k,2021-07-15,23,112,37,27,-13,0
MA,Morocco,ChIJjcVRlmGICw0Rw_8sxIGT09k,2021-07-16,21,122,34,28,-9,0
MA,Morocco,ChIJjcVRlmGICw0Rw_8sxIGT09k,2021-07-17,15,105,33,29,-6,0
MA,Morocco,ChIJjcVRlmGICw0Rw_8sxIGT09k,2021-07-18,19,109,42,28,-2,0
MA,Morocco,ChIJjcVRlmGICw0Rw_8sxIGT09k,2021-07-19,25,134,43,34,-31,1
MA,Morocco,ChIJjcVRlmGICw0Rw_8sxIGT09k,2021-07-20,23,149,45,25,-42,3
MA,Morocco,ChIJjcVRlmGICw0Rw_8sxIGT09k,2021-07-21,-36,20,-2,-33,-79,15
MA,Morocco,ChIJjcVRlmGICw0Rw_8sxIGT09k,2021-07-22,-13,47,38,-14,-72,9
MA,Morocco,ChIJjcVRlmGICw0Rw_8sxIGT09k,2021-07-23,-3,71,48,-3,-51,6
MA,Morocco,ChIJjcVRlmGICw0Rw_8sxIGT09k,2021-07-24,-8,51,41,-3,-41,6
MA,Morocco,ChIJjcVRlmGICw0Rw_8sxIGT09k,2021-07-25,1,58,45,6,-22,1
MA,Morocco,ChIJjcVRlmGICw0Rw_8sxIGT09k,2021-07-26,15,86,56,15,-32,2
MA,Morocco,ChIJjcVRlmGICw0Rw_8sxIGT09k,2021-07-27,15,89,58,13,-31,3
MA,Morocco,ChIJjcVRlmGICw0Rw_8sxIGT09k,2021-07-28,15,90,56,13,-30,3
MA,Morocco,ChIJjcVRlmGICw0Rw_8sxIGT09k,2021-07-29,18,97,58,17,-30,3
MA,Morocco,ChIJjcVRlmGICw0Rw_8sxIGT09k,2021-07-30,9,91,55,2,-50,9
MA,Morocco,ChIJjcVRlmGICw0Rw_8sxIGT09k,2021-07-31,5,77,44,9,-22,4
MA,Morocco,ChIJjcVRlmGICw0Rw_8sxIGT09k,2021-08-01,9,73,51,11,-13,2
MA,Morocco,ChIJjcVRlmGICw0Rw_8sxIGT09k,2021-08-02,20,99,56,21,-27,2
MA,Morocco,ChIJjcVRlmGICw0Rw_8sxIGT09k,2021-08-03,12,95,47,14,-29,5
MA,Morocco,ChIJjcVRlmGICw0Rw_8sxIGT09k,2021-08-04,12,96,49,12,-29,5
MA,Morocco,ChIJjcVRlmGICw0Rw_8sxIGT09k,2021-08-05,13,100,52,13,-28,5
MA,Morocco,ChIJjcVRlmGICw0Rw_8sxIGT09k,2021-08-06,8,101,43,8,-26,7
MA,Morocco,ChIJjcVRlmGICw0Rw_8sxIGT09k,2021-08-07,2,80,38,8,-17,6
MA,Morocco,ChIJjcVRlmGICw0Rw_8sxIGT09k,2021-08-08,5,71,49,6,-14,5
MA,Morocco,ChIJjcVRlmGICw0Rw_8sxIGT09k,2021-08-09,16,98,53,15,-30,4
MA,Morocco,ChIJjcVRlmGICw0Rw_8sxIGT09k,2021-08-10,11,89,56,3,-51,10
MA,Morocco,ChIJjcVRlmGICw0Rw_8sxIGT09k,2021-08-11,14,99,51,11,-29,5
MA,Morocco,ChIJjcVRlmGICw0Rw_8sxIGT09k,2021-08-12,14,98,52,11,-29,5
MA,Morocco,ChIJjcVRlmGICw0Rw_8sxIGT09k,2021-08-13,8,99,45,7,-26,7
MA,Morocco,ChIJjcVRlmGICw0Rw_8sxIGT09k,2021-08-14,-1,73,41,3,-23,7
MA,Morocco,ChIJjcVRlmGICw0Rw_8sxIGT09k,2021-08-15,3,66,51,4,-11,4
MA,Morocco,ChIJjcVRlmGICw0Rw_8sxIGT09k,2021-08-16,15,93,53,14,-29,4
MA,Morocco,ChIJjcVRlmGICw0Rw_8sxIGT09k,2021-08-17,15,96,54,12,-29,5
MA,Morocco,ChIJjcVRlmGICw0Rw_8sxIGT09k,2021-08-18,14,99,50,13,-26,5
MA,Morocco,ChIJjcVRlmGICw0Rw_8sxIGT09k,2021-08-19,13,101,48,13,-27,5
MA,Morocco,ChIJjcVRlmGICw0Rw_8sxIGT09k,2021-08-20,7,95,51,2,-45,10
MA,Morocco,ChIJjcVRlmGICw0Rw_8sxIGT09k,2021-08-21,1,74,42,4,-23,6
MA,Morocco,ChIJjcVRlmGICw0Rw_8sxIGT09k,2021-08-22,5,66,44,6,-8,3
MA,Morocco,ChIJjcVRlmGICw0Rw_8sxIGT09k,2021-08-23,14,92,39,14,-24,4
MA,Morocco,ChIJjcVRlmGICw0Rw_8sxIGT09k,2021-08-24,12,93,37,10,-25,5
MA,Morocco,ChIJjcVRlmGICw0Rw_8sxIGT09k,2021-08-25,13,92,38,10,-23,5
MA,Morocco,ChIJjcVRlmGICw0Rw_8sxIGT09k,2021-08-26,13,94,36,9,-23,5
MA,Morocco,ChIJjcVRlmGICw0Rw_8sxIGT09k,2021-08-27,8,96,28,5,-19,7
MA,Morocco,ChIJjcVRlmGICw0Rw_8sxIGT09k,2021-08-28,2,74,25,5,-10,6
MA,Morocco,ChIJjcVRlmGICw0Rw_8sxIGT09k,2021-08-29,5,66,31,3,-5,4
MA,Morocco,ChIJjcVRlmGICw0Rw_8sxIGT09k,2021-08-30,13,91,26,11,-20,4
MA,Morocco,ChIJjcVRlmGICw0Rw_8sxIGT09k,2021-08-31,13,93,24,10,-19,5
MA,Morocco,ChIJjcVRlmGICw0Rw_8sxIGT09k,2021-09-01,15,98,25,13,-18,4
MA,Morocco,ChIJjcVRlmGICw0Rw_8sxIGT09k,2021-09-02,15,99,22,11,-16,4
MA,Morocco,ChIJjcVRlmGICw0Rw_8sxIGT09k,2021-09-03,10,102,19,7,-12,6
MA,Morocco,ChIJjcVRlmGICw0Rw_8sxIGT09k,2021-09-04,6,82,18,7,-5,5
MA,Morocco,ChIJjcVRlmGICw0Rw_8sxIGT09k,2021-09-05,7,69,24,4,-3,4
MA,Morocco,ChIJjcVRlmGICw0Rw_8sxIGT09k,2021-09-06,15,95,19,13,-15,3
MA,Morocco,ChIJjcVRlmGICw0Rw_8sxIGT09k,2021-09-07,12,92,18,9,-15,4
MA,Morocco,ChIJjcVRlmGICw0Rw_8sxIGT09k,2021-09-08,8,86,12,3,-17,4
MA,Morocco,ChIJjcVRlmGICw0Rw_8sxIGT09k,2021-09-09,11,90,14,6,-15,5
MA,Morocco,ChIJjcVRlmGICw0Rw_8sxIGT09k,2021-09-10,7,92,9,4,-10,6
MA,Morocco,ChIJjcVRlmGICw0Rw_8sxIGT09k,2021-09-11,3,74,11,2,-4,6
MA,Morocco,ChIJjcVRlmGICw0Rw_8sxIGT09k,2021-09-12,5,61,17,-1,-2,5
MA,Morocco,ChIJjcVRlmGICw0Rw_8sxIGT09k,2021-09-13,11,85,9,8,-14,4
MA,Morocco,ChIJjcVRlmGICw0Rw_8sxIGT09k,2021-09-14,11,86,9,5,-15,5
MA,Morocco,ChIJjcVRlmGICw0Rw_8sxIGT09k,2021-09-15,11,85,9,5,-15,5
MA,Morocco,ChIJjcVRlmGICw0Rw_8sxIGT09k,2021-09-16,11,88,12,6,-15,5
MA,Morocco,ChIJjcVRlmGICw0Rw_8sxIGT09k,2021-09-17,7,91,8,3,-12,6
MA,Morocco,ChIJjcVRlmGICw0Rw_8sxIGT09k,2021-09-18,4,72,8,1,-5,6
MA,Morocco,ChIJjcVRlmGICw0Rw_8sxIGT09k,2021-09-19,6,60,14,-1,-3,5
MA,Morocco,ChIJjcVRlmGICw0Rw_8sxIGT09k,2021-09-20,11,82,9,7,-14,4
MA,Morocco,ChIJjcVRlmGICw0Rw_8sxIGT09k,2021-09-21,10,83,7,4,-14,5
MA,Morocco,ChIJjcVRlmGICw0Rw_8sxIGT09k,2021-09-22,9,82,5,2,-11,5
MA,Morocco,ChIJjcVRlmGICw0Rw_8sxIGT09k,2021-09-23,10,87,6,4,-11,5
MA,Morocco,ChIJjcVRlmGICw0Rw_8sxIGT09k,2021-09-24,6,89,2,2,-8,6
MA,Morocco,ChIJjcVRlmGICw0Rw_8sxIGT09k,2021-09-25,3,71,2,0,-3,5
MA,Morocco,ChIJjcVRlmGICw0Rw_8sxIGT09k,2021-09-26,5,59,7,-3,-1,5
MA,Morocco,ChIJjcVRlmGICw0Rw_8sxIGT09k,2021-09-27,9,79,3,5,-11,4
MA,Morocco,ChIJjcVRlmGICw0Rw_8sxIGT09k,2021-09-28,9,80,1,2,-11,5
MA,Morocco,ChIJjcVRlmGICw0Rw_8sxIGT09k,2021-09-29,10,84,1,4,-11,4
MA,Morocco,ChIJjcVRlmGICw0Rw_8sxIGT09k,2021-09-30,14,94,2,8,-9,4
MA,Morocco,ChIJjcVRlmGICw0Rw_8sxIGT09k,2021-10-01,15,103,4,9,-4,3
MA,Morocco,ChIJjcVRlmGICw0Rw_8sxIGT09k,2021-10-02,12,86,4,7,0,4
MA,Morocco,ChIJjcVRlmGICw0Rw_8sxIGT09k,2021-10-03,15,79,5,6,0,4
MA,Morocco,ChIJjcVRlmGICw0Rw_8sxIGT09k,2021-10-04,17,95,4,14,-8,0
MA,Morocco,ChIJjcVRlmGICw0Rw_8sxIGT09k,2021-10-05,15,94,3,10,-9,2
MA,Morocco,ChIJjcVRlmGICw0Rw_8sxIGT09k,2021-10-06,15,91,1,8,-7,2
MA,Morocco,ChIJjcVRlmGICw0Rw_8sxIGT09k,2021-10-07,15,94,0,9,-7,2
MA,Morocco,ChIJjcVRlmGICw0Rw_8sxIGT09k,2021-10-08,12,99,0,8,-2,3
MA,Morocco,ChIJjcVRlmGICw0Rw_8sxIGT09k,2021-10-09,11,83,0,7,1,4
MA,Morocco,ChIJjcVRlmGICw0Rw_8sxIGT09k,2021-10-10,14,74,5,5,0,4
MA,Morocco,ChIJjcVRlmGICw0Rw_8sxIGT09k,2021-10-11,13,87,0,12,-6,1
MA,Morocco,ChIJjcVRlmGICw0Rw_8sxIGT09k,2021-10-12,14,89,1,9,-5,2
MA,Morocco,ChIJjcVRlmGICw0Rw_8sxIGT09k,2021-10-13,15,91,3,10,-5,2
MA,Morocco,ChIJjcVRlmGICw0Rw_8sxIGT09k,2021-10-14,14,92,0,11,-3,2
MA,Morocco,ChIJjcVRlmGICw0Rw_8sxIGT09k,2021-10-15,12,97,0,11,1,3
MA,Morocco,ChIJjcVRlmGICw0Rw_8sxIGT09k,2021-10-16,10,81,0,9,2,4
MA,Morocco,ChIJjcVRlmGICw0Rw_8sxIGT09k,2021-10-17,12,71,6,3,0,5
MA,Morocco,ChIJjcVRlmGICw0Rw_8sxIGT09k,2021-10-18,22,104,12,20,-12,1
MA,Morocco,ChIJjcVRlmGICw0Rw_8sxIGT09k,2021-10-19,5,63,16,-7,-58,11
MA,Morocco,ChIJjcVRlmGICw0Rw_8sxIGT09k,2021-10-20,10,78,6,1,-41,7
MA,Morocco,ChIJjcVRlmGICw0Rw_8sxIGT09k,2021-10-21,13,91,2,11,-4,2
MA,Morocco,ChIJjcVRlmGICw0Rw_8sxIGT09k,2021-10-22,11,96,0,7,2,4
MA,Morocco,ChIJjcVRlmGICw0Rw_8sxIGT09k,2021-10-23,8,78,-2,4,4,5
MA,Morocco,ChIJjcVRlmGICw0Rw_8sxIGT09k,2021-10-24,8,63,-1,-1,-1,7
MA,Morocco,ChIJjcVRlmGICw0Rw_8sxIGT09k,2021-10-25,10,80,-1,8,-1,2
MA,Morocco,ChIJjcVRlmGICw0Rw_8sxIGT09k,2021-10-26,11,84,0,6,0,3
MA,Morocco,ChIJjcVRlmGICw0Rw_8sxIGT09k,2021-10-27,12,85,-1,6,1,3
MA,Morocco,ChIJjcVRlmGICw0Rw_8sxIGT09k,2021-10-28,13,89,-1,8,2,3
MA,Morocco,ChIJjcVRlmGICw0Rw_8sxIGT09k,2021-10-29,12,96,-1,8,7,3
MA,Morocco,ChIJjcVRlmGICw0Rw_8sxIGT09k,2021-10-30,11,83,-1,7,7,4
MA,Morocco,ChIJjcVRlmGICw0Rw_8sxIGT09k,2021-10-31,13,72,5,4,0,5
MA,Morocco,ChIJjcVRlmGICw0Rw_8sxIGT09k,2021-11-01,14,88,0,12,1,1
MA,Morocco,ChIJjcVRlmGICw0Rw_8sxIGT09k,2021-11-02,14,89,-2,9,3,2
MA,Morocco,ChIJjcVRlmGICw0Rw_8sxIGT09k,2021-11-03,15,89,-4,9,3,3
MA,Morocco,ChIJjcVRlmGICw0Rw_8sxIGT09k,2021-11-04,16,97,-2,11,5,2
MA,Morocco,ChIJjcVRlmGICw0Rw_8sxIGT09k,2021-11-05,15,104,-3,13,9,2
MA,Morocco,ChIJjcVRlmGICw0Rw_8sxIGT09k,2021-11-06,12,84,-4,5,-15,7
MA,Morocco,ChIJjcVRlmGICw0Rw_8sxIGT09k,2021-11-07,15,78,3,9,-3,5
MA,Morocco,ChIJjcVRlmGICw0Rw_8sxIGT09k,2021-11-08,13,88,-4,12,5,2
MA,Morocco,ChIJjcVRlmGICw0Rw_8sxIGT09k,2021-11-09,13,91,-2,8,5,3
MA,Morocco,ChIJjcVRlmGICw0Rw_8sxIGT09k,2021-11-10,16,93,0,11,5,3
MA,Morocco,ChIJjcVRlmGICw0Rw_8sxIGT09k,2021-11-11,17,96,0,12,5,2
MA,Morocco,ChIJjcVRlmGICw0Rw_8sxIGT09k,2021-11-12,15,100,-2,12,10,3
MA,Morocco,ChIJjcVRlmGICw0Rw_8sxIGT09k,2021-11-13,14,87,0,13,7,3
MA,Morocco,ChIJjcVRlmGICw0Rw_8sxIGT09k,2021-11-14,16,77,10,11,-5,4
MA,Morocco,ChIJjcVRlmGICw0Rw_8sxIGT09k,2021-11-15,17,89,8,17,-6,2
MA,Morocco,ChIJjcVRlmGICw0Rw_8sxIGT09k,2021-11-16,18,91,8,13,-7,3
MA,Morocco,ChIJjcVRlmGICw0Rw_8sxIGT09k,2021-11-17,21,96,12,19,-8,2
MA,Morocco,ChIJjcVRlmGICw0Rw_8sxIGT09k,2021-11-18,22,97,17,7,-43,8
MA,Morocco,ChIJjcVRlmGICw0Rw_8sxIGT09k,2021-11-19,15,100,5,11,-9,5
MA,Morocco,ChIJjcVRlmGICw0Rw_8sxIGT09k,2021-11-20,14,85,4,11,-2,4
MA,Morocco,ChIJjcVRlmGICw0Rw_8sxIGT09k,2021-11-21,13,73,1,12,-3,4
MA,Morocco,ChIJjcVRlmGICw0Rw_8sxIGT09k,2021-11-22,14,86,-4,12,7,2
MA,Morocco,ChIJjcVRlmGICw0Rw_8sxIGT09k,2021-11-23,8,75,-15,3,7,4
MA,Morocco,ChIJjcVRlmGICw0Rw_8sxIGT09k,2021-11-24,13,84,-9,6,7,4
MA,Morocco,ChIJjcVRlmGICw0Rw_8sxIGT09k,2021-11-25,13,91,-8,8,8,3
MA,Morocco,ChIJjcVRlmGICw0Rw_8sxIGT09k,2021-11-26,14,98,-9,10,13,4
MA,Morocco,ChIJjcVRlmGICw0Rw_8sxIGT09k,2021-11-27,14,86,-9,9,11,5
MA,Morocco,ChIJjcVRlmGICw0Rw_8sxIGT09k,2021-11-28,15,76,-3,6,-2,6
MA,Morocco,ChIJjcVRlmGICw0Rw_8sxIGT09k,2021-11-29,13,87,-8,12,9,3
MA,Morocco,ChIJjcVRlmGICw0Rw_8sxIGT09k,2021-11-30,15,92,-5,5,9,3
MA,Morocco,ChIJjcVRlmGICw0Rw_8sxIGT09k,2021-12-01,17,95,-4,6,8,3
MA,Morocco,ChIJjcVRlmGICw0Rw_8sxIGT09k,2021-12-02,10,86,-16,1,9,5
MA,Morocco,ChIJjcVRlmGICw0Rw_8sxIGT09k,2021-12-03,17,107,-3,8,15,5
MA,Morocco,ChIJjcVRlmGICw0Rw_8sxIGT09k,2021-12-04,16,89,-3,6,11,6
MA,Morocco,ChIJjcVRlmGICw0Rw_8sxIGT09k,2021-12-05,16,79,2,3,-4,6
MA,Morocco,ChIJjcVRlmGICw0Rw_8sxIGT09k,2021-12-06,13,87,-7,6,10,4
MA,Morocco,ChIJjcVRlmGICw0Rw_8sxIGT09k,2021-12-07,13,85,-9,2,13,5
MA,Morocco,ChIJjcVRlmGICw0Rw_8sxIGT09k,2021-12-08,13,83,-12,0,14,5
MA,Morocco,ChIJjcVRlmGICw0Rw_8sxIGT09k,2021-12-09,13,89,-10,0,16,4
MA,Morocco,ChIJjcVRlmGICw0Rw_8sxIGT09k,2021-12-10,10,89,-12,0,19,6
MA,Morocco,ChIJjcVRlmGICw0Rw_8sxIGT09k,2021-12-11,12,71,-13,-5,17,6
MA,Morocco,ChIJjcVRlmGICw0Rw_8sxIGT09k,2021-12-12,11,66,-1,-6,2,7
MA,Morocco,ChIJjcVRlmGICw0Rw_8sxIGT09k,2021-12-13,8,74,-13,-2,15,5
MA,Morocco,ChIJjcVRlmGICw0Rw_8sxIGT09k,2021-12-14,8,77,-12,-4,15,5
MA,Morocco,ChIJjcVRlmGICw0Rw_8sxIGT09k,2021-12-15,8,74,-14,-4,15,5
MA,Morocco,ChIJjcVRlmGICw0Rw_8sxIGT09k,2021-12-16,8,79,-15,-3,16,5
MA,Morocco,ChIJjcVRlmGICw0Rw_8sxIGT09k,2021-12-17,8,84,-12,-3,20,6
MA,Morocco,ChIJjcVRlmGICw0Rw_8sxIGT09k,2021-12-18,7,71,-12,-5,18,7
MA,Morocco,ChIJjcVRlmGICw0Rw_8sxIGT09k,2021-12-19,9,64,-4,-8,2,7
MA,Morocco,ChIJjcVRlmGICw0Rw_8sxIGT09k,2021-12-20,8,75,-11,-2,15,5
MA,Morocco,ChIJjcVRlmGICw0Rw_8sxIGT09k,2021-12-21,8,75,-13,-6,15,5
MA,Morocco,ChIJjcVRlmGICw0Rw_8sxIGT09k,2021-12-22,5,66,-21,-8,14,7
MA,Morocco,ChIJjcVRlmGICw0Rw_8sxIGT09k,2021-12-23,11,85,-11,-2,14,5
MA,Morocco,ChIJjcVRlmGICw0Rw_8sxIGT09k,2021-12-24,9,89,-12,-2,16,6
MA,Morocco,ChIJjcVRlmGICw0Rw_8sxIGT09k,2021-12-25,0,62,-25,-9,11,8
MA,Morocco,ChIJjcVRlmGICw0Rw_8sxIGT09k,2021-12-26,11,68,-1,-4,2,7
MA,Morocco,ChIJjcVRlmGICw0Rw_8sxIGT09k,2021-12-27,13,81,0,1,-6,6
MA,Morocco,ChIJjcVRlmGICw0Rw_8sxIGT09k,2021-12-28,15,85,4,0,-7,6
MA,Morocco,ChIJjcVRlmGICw0Rw_8sxIGT09k,2021-12-29,16,87,7,2,-9,6
MA,Morocco,ChIJjcVRlmGICw0Rw_8sxIGT09k,2021-12-30,19,95,10,4,-9,6
MA,Morocco,ChIJjcVRlmGICw0Rw_8sxIGT09k,2021-12-31,17,106,7,3,-9,6
MA,Morocco,ChIJsSpoj4Azpg0RdqFGLh2Vh80,2021-01-01,-37,7,-46,-28,-56,24
MA,Morocco,ChIJsSpoj4Azpg0RdqFGLh2Vh80,2021-01-02,-25,19,-22,-15,-11,14
MA,Morocco,ChIJsSpoj4Azpg0RdqFGLh2Vh80,2021-01-03,-20,14,-20,-6,-3,9
MA,Morocco,ChIJsSpoj4Azpg0RdqFGLh2Vh80,2021-01-04,-18,26,-10,-6,-9,11
MA,Morocco,ChIJsSpoj4Azpg0RdqFGLh2Vh80,2021-01-05,-29,10,-35,-15,-12,13
MA,Morocco,ChIJsSpoj4Azpg0RdqFGLh2Vh80,2021-01-06,-27,12,-38,-17,-11,15
MA,Morocco,ChIJsSpoj4Azpg0RdqFGLh2Vh80,2021-01-07,-31,10,-42,-14,-16,16
MA,Morocco,ChIJsSpoj4Azpg0RdqFGLh2Vh80,2021-01-08,-28,18,-39,-17,-15,17
MA,Morocco,ChIJsSpoj4Azpg0RdqFGLh2Vh80,2021-01-09,-26,15,-39,-18,-1,14
MA,Morocco,ChIJsSpoj4Azpg0RdqFGLh2Vh80,2021-01-10,-30,-4,-51,-26,-6,14
MA,Morocco,ChIJsSpoj4Azpg0RdqFGLh2Vh80,2021-01-11,-17,19,-30,-22,-54,20
MA,Morocco,ChIJsSpoj4Azpg0RdqFGLh2Vh80,2021-01-12,-18,23,-16,-7,-9,10
MA,Morocco,ChIJsSpoj4Azpg0RdqFGLh2Vh80,2021-01-13,-20,18,-23,-13,-11,8
MA,Morocco,ChIJsSpoj4Azpg0RdqFGLh2Vh80,2021-01-14,-22,16,-28,-15,-15,8
MA,Morocco,ChIJsSpoj4Azpg0RdqFGLh2Vh80,2021-01-15,-25,14,-27,-18,-15,9
MA,Morocco,ChIJsSpoj4Azpg0RdqFGLh2Vh80,2021-01-16,-23,11,-27,-20,-8,8
MA,Morocco,ChIJsSpoj4Azpg0RdqFGLh2Vh80,2021-01-17,-23,-1,-31,-20,-12,7
MA,Morocco,ChIJsSpoj4Azpg0RdqFGLh2Vh80,2021-01-18,-23,8,-25,-18,-16,9
MA,Morocco,ChIJsSpoj4Azpg0RdqFGLh2Vh80,2021-01-19,-22,13,-25,-16,-16,8
MA,Morocco,ChIJsSpoj4Azpg0RdqFGLh2Vh80,2021-01-20,-26,6,-38,-20,-15,10
MA,Morocco,ChIJsSpoj4Azpg0RdqFGLh2Vh80,2021-01-21,-21,15,-30,-15,-15,9
MA,Morocco,ChIJsSpoj4Azpg0RdqFGLh2Vh80,2021-01-22,-25,13,-35,-17,-14,11
MA,Morocco,ChIJsSpoj4Azpg0RdqFGLh2Vh80,2021-01-23,-20,14,-25,-15,-6,8
MA,Morocco,ChIJsSpoj4Azpg0RdqFGLh2Vh80,2021-01-24,-20,0,-26,-17,-8,6
MA,Morocco,ChIJsSpoj4Azpg0RdqFGLh2Vh80,2021-01-25,-19,11,-20,-17,-20,9
MA,Morocco,ChIJsSpoj4Azpg0RdqFGLh2Vh80,2021-01-26,-18,13,-19,-14,-21,8
MA,Morocco,ChIJsSpoj4Azpg0RdqFGLh2Vh80,2021-01-27,-20,11,-27,-16,-20,8
MA,Morocco,ChIJsSpoj4Azpg0RdqFGLh2Vh80,2021-01-28,-19,16,-25,-14,-22,8
MA,Morocco,ChIJsSpoj4Azpg0RdqFGLh2Vh80,2021-01-29,-19,26,-24,-13,-19,8
MA,Morocco,ChIJsSpoj4Azpg0RdqFGLh2Vh80,2021-01-30,-17,23,-20,-13,-9,5
MA,Morocco,ChIJsSpoj4Azpg0RdqFGLh2Vh80,2021-01-31,-16,15,-23,-11,-7,3
MA,Morocco,ChIJsSpoj4Azpg0RdqFGLh2Vh80,2021-02-01,-16,27,-18,-14,-13,7
MA,Morocco,ChIJsSpoj4Azpg0RdqFGLh2Vh80,2021-02-02,-15,32,-18,-13,-13,7
MA,Morocco,ChIJsSpoj4Azpg0RdqFGLh2Vh80,2021-02-03,-18,23,-24,-20,-12,7
MA,Morocco,ChIJsSpoj4Azpg0RdqFGLh2Vh80,2021-02-04,-19,23,-25,-18,-13,7
MA,Morocco,ChIJsSpoj4Azpg0RdqFGLh2Vh80,2021-02-05,-21,26,-30,-21,-11,9
MA,Morocco,ChIJsSpoj4Azpg0RdqFGLh2Vh80,2021-02-06,-21,16,-32,-24,-4,8
MA,Morocco,ChIJsSpoj4Azpg0RdqFGLh2Vh80,2021-02-07,-17,9,-24,-21,-6,6
MA,Morocco,ChIJsSpoj4Azpg0RdqFGLh2Vh80,2021-02-08,-19,20,-26,-20,-12,8
MA,Morocco,ChIJsSpoj4Azpg0RdqFGLh2Vh80,2021-02-09,-16,29,-23,-18,-12,8
MA,Morocco,ChIJsSpoj4Azpg0RdqFGLh2Vh80,2021-02-10,-15,27,-19,-18,-11,8
MA,Morocco,ChIJsSpoj4Azpg0RdqFGLh2Vh80,2021-02-11,-17,28,-26,-17,-12,8
MA,Morocco,ChIJsSpoj4Azpg0RdqFGLh2Vh80,2021-02-12,-17,33,-21,-18,-9,7
MA,Morocco,ChIJsSpoj4Azpg0RdqFGLh2Vh80,2021-02-13,-15,21,-17,-20,-3,5
MA,Morocco,ChIJsSpoj4Azpg0RdqFGLh2Vh80,2021-02-14,-15,8,-14,-19,-6,4
MA,Morocco,ChIJsSpoj4Azpg0RdqFGLh2Vh80,2021-02-15,-15,23,-19,-19,-12,7
MA,Morocco,ChIJsSpoj4Azpg0RdqFGLh2Vh80,2021-02-16,-15,26,-20,-19,-13,7
MA,Morocco,ChIJsSpoj4Azpg0RdqFGLh2Vh80,2021-02-17,-15,26,-20,-18,-11,7
MA,Morocco,ChIJsSpoj4Azpg0RdqFGLh2Vh80,2021-02-18,-15,30,-20,-15,-12,7
MA,Morocco,ChIJsSpoj4Azpg0RdqFGLh2Vh80,2021-02-19,-17,35,-21,-15,-10,7
MA,Morocco,ChIJsSpoj4Azpg0RdqFGLh2Vh80,2021-02-20,-15,25,-15,-17,-1,4
MA,Morocco,ChIJsSpoj4Azpg0RdqFGLh2Vh80,2021-02-21,-24,0,-38,-26,-8,7
MA,Morocco,ChIJsSpoj4Azpg0RdqFGLh2Vh80,2021-02-22,-15,27,-16,-17,-10,7
MA,Morocco,ChIJsSpoj4Azpg0RdqFGLh2Vh80,2021-02-23,-14,30,-18,-16,-11,7
MA,Morocco,ChIJsSpoj4Azpg0RdqFGLh2Vh80,2021-02-24,-14,28,-19,-17,-10,7
MA,Morocco,ChIJsSpoj4Azpg0RdqFGLh2Vh80,2021-02-25,-15,30,-23,-14,-11,6
MA,Morocco,ChIJsSpoj4Azpg0RdqFGLh2Vh80,2021-02-26,-17,37,-23,-14,-7,8
MA,Morocco,ChIJsSpoj4Azpg0RdqFGLh2Vh80,2021-02-27,-12,32,-13,-15,2,5
MA,Morocco,ChIJsSpoj4Azpg0RdqFGLh2Vh80,2021-02-28,-13,15,-16,-15,-3,4
MA,Morocco,ChIJsSpoj4Azpg0RdqFGLh2Vh80,2021-03-01,-10,36,-11,-12,-7,6
MA,Morocco,ChIJsSpoj4Azpg0RdqFGLh2Vh80,2021-03-02,-9,39,-14,-11,-8,6
MA,Morocco,ChIJsSpoj4Azpg0RdqFGLh2Vh80,2021-03-03,-10,36,-15,-12,-8,6
MA,Morocco,ChIJsSpoj4Azpg0RdqFGLh2Vh80,2021-03-04,-11,38,-19,-9,-8,6
MA,Morocco,ChIJsSpoj4Azpg0RdqFGLh2Vh80,2021-03-05,-16,38,-25,-13,-6,7
MA,Morocco,ChIJsSpoj4Azpg0RdqFGLh2Vh80,2021-03-06,-8,38,-10,-11,2,5
MA,Morocco,ChIJsSpoj4Azpg0RdqFGLh2Vh80,2021-03-07,-16,12,-26,-17,-5,6
MA,Morocco,ChIJsSpoj4Azpg0RdqFGLh2Vh80,2021-03-08,-9,35,-13,-12,-6,6
MA,Morocco,ChIJsSpoj4Azpg0RdqFGLh2Vh80,2021-03-09,-9,39,-15,-11,-7,6
MA,Morocco,ChIJsSpoj4Azpg0RdqFGLh2Vh80,2021-03-10,-8,36,-15,-11,-7,7
MA,Morocco,ChIJsSpoj4Azpg0RdqFGLh2Vh80,2021-03-11,-10,39,-16,-8,-8,7
MA,Morocco,ChIJsSpoj4Azpg0RdqFGLh2Vh80,2021-03-12,-12,45,-15,-8,-6,6
MA,Morocco,ChIJsSpoj4Azpg0RdqFGLh2Vh80,2021-03-13,-10,31,-8,-10,0,4
MA,Morocco,ChIJsSpoj4Azpg0RdqFGLh2Vh80,2021-03-14,-12,14,-9,-9,-6,2
MA,Morocco,ChIJsSpoj4Azpg0RdqFGLh2Vh80,2021-03-15,-12,30,-12,-12,-16,5
MA,Morocco,ChIJsSpoj4Azpg0RdqFGLh2Vh80,2021-03-16,-11,33,-12,-10,-18,5
MA,Morocco,ChIJsSpoj4Azpg0RdqFGLh2Vh80,2021-03-17,-11,31,-15,-12,-16,5
MA,Morocco,ChIJsSpoj4Azpg0RdqFGLh2Vh80,2021-03-18,-11,35,-15,-10,-17,4
MA,Morocco,ChIJsSpoj4Azpg0RdqFGLh2Vh80,2021-03-19,-14,39,-16,-11,-15,5
MA,Morocco,ChIJsSpoj4Azpg0RdqFGLh2Vh80,2021-03-20,-15,25,-22,-16,-6,4
MA,Morocco,ChIJsSpoj4Azpg0RdqFGLh2Vh80,2021-03-21,-16,11,-17,-13,-5,2
MA,Morocco,ChIJsSpoj4Azpg0RdqFGLh2Vh80,2021-03-22,-11,36,-11,-12,-7,6
MA,Morocco,ChIJsSpoj4Azpg0RdqFGLh2Vh80,2021-03-23,-11,38,-14,-12,-9,6
MA,Morocco,ChIJsSpoj4Azpg0RdqFGLh2Vh80,2021-03-24,-11,35,-13,-11,-7,6
MA,Morocco,ChIJsSpoj4Azpg0RdqFGLh2Vh80,2021-03-25,-12,37,-17,-9,-7,6
MA,Morocco,ChIJsSpoj4Azpg0RdqFGLh2Vh80,2021-03-26,-14,46,-16,-10,-5,7
MA,Morocco,ChIJsSpoj4Azpg0RdqFGLh2Vh80,2021-03-27,-13,32,-9,-13,3,5
MA,Morocco,ChIJsSpoj4Azpg0RdqFGLh2Vh80,2021-03-28,-15,15,-15,-13,-3,4
MA,Morocco,ChIJsSpoj4Azpg0RdqFGLh2Vh80,2021-03-29,-13,33,-15,-14,-5,7
MA,Morocco,ChIJsSpoj4Azpg0RdqFGLh2Vh80,2021-03-30,-10,39,-14,-5,-6,6
MA,Morocco,ChIJsSpoj4Azpg0RdqFGLh2Vh80,2021-03-31,-8,40,-12,-11,-6,6
MA,Morocco,ChIJsSpoj4Azpg0RdqFGLh2Vh80,2021-04-01,-6,49,-11,-4,-6,5
MA,Morocco,ChIJsSpoj4Azpg0RdqFGLh2Vh80,2021-04-02,-9,53,-9,-5,-4,6
MA,Morocco,ChIJsSpoj4Azpg0RdqFGLh2Vh80,2021-04-03,-8,40,-3,-8,2,4
MA,Morocco,ChIJsSpoj4Azpg0RdqFGLh2Vh80,2021-04-04,-10,24,-1,-9,-4,2
MA,Morocco,ChIJsSpoj4Azpg0RdqFGLh2Vh80,2021-04-05,-7,43,-6,-7,-9,6
MA,Morocco,ChIJsSpoj4Azpg0RdqFGLh2Vh80,2021-04-06,-7,46,-8,-6,-7,6
MA,Morocco,ChIJsSpoj4Azpg0RdqFGLh2Vh80,2021-04-07,-8,43,-9,-7,-8,6
MA,Morocco,ChIJsSpoj4Azpg0RdqFGLh2Vh80,2021-04-08,-7,46,-9,-2,-7,6
MA,Morocco,ChIJsSpoj4Azpg0RdqFGLh2Vh80,2021-04-09,-9,53,-8,-5,-5,6
MA,Morocco,ChIJsSpoj4Azpg0RdqFGLh2Vh80,2021-04-10,-8,41,0,-7,2,5
MA,Morocco,ChIJsSpoj4Azpg0RdqFGLh2Vh80,2021-04-11,-6,31,4,-7,-1,2
MA,Morocco,ChIJsSpoj4Azpg0RdqFGLh2Vh80,2021-04-12,-2,50,-1,-3,-4,5
MA,Morocco,ChIJsSpoj4Azpg0RdqFGLh2Vh80,2021-04-13,-4,59,-7,-5,-6,6
MA,Morocco,ChIJsSpoj4Azpg0RdqFGLh2Vh80,2021-04-14,-46,27,-33,-28,-16,15
MA,Morocco,ChIJsSpoj4Azpg0RdqFGLh2Vh80,2021-04-15,-46,27,-32,-26,-16,16
MA,Morocco,ChIJsSpoj4Azpg0RdqFGLh2Vh80,2021-04-16,-47,31,-31,-28,-14,18
MA,Morocco,ChIJsSpoj4Azpg0RdqFGLh2Vh80,2021-04-17,-44,22,-29,-33,-12,16
MA,Morocco,ChIJsSpoj4Azpg0RdqFGLh2Vh80,2021-04-18,-45,12,-27,-34,-24,14
MA,Morocco,ChIJsSpoj4Azpg0RdqFGLh2Vh80,2021-04-19,-43,22,-26,-27,-15,15
MA,Morocco,ChIJsSpoj4Azpg0RdqFGLh2Vh80,2021-04-20,-42,28,-26,-26,-16,15
MA,Morocco,ChIJsSpoj4Azpg0RdqFGLh2Vh80,2021-04-21,-42,26,-27,-27,-16,16
MA,Morocco,ChIJsSpoj4Azpg0RdqFGLh2Vh80,2021-04-22,-43,27,-29,-25,-16,15
MA,Morocco,ChIJsSpoj4Azpg0RdqFGLh2Vh80,2021-04-23,-43,35,-24,-25,-14,16
MA,Morocco,ChIJsSpoj4Azpg0RdqFGLh2Vh80,2021-04-24,-39,27,-24,-27,-8,14
MA,Morocco,ChIJsSpoj4Azpg0RdqFGLh2Vh80,2021-04-25,-41,14,-27,-31,-22,12
MA,Morocco,ChIJsSpoj4Azpg0RdqFGLh2Vh80,2021-04-26,-42,23,-29,-26,-14,15
MA,Morocco,ChIJsSpoj4Azpg0RdqFGLh2Vh80,2021-04-27,-40,31,-26,-24,-15,15
MA,Morocco,ChIJsSpoj4Azpg0RdqFGLh2Vh80,2021-04-28,-39,31,-26,-25,-15,15
MA,Morocco,ChIJsSpoj4Azpg0RdqFGLh2Vh80,2021-04-29,-38,34,-26,-21,-15,15
MA,Morocco,ChIJsSpoj4Azpg0RdqFGLh2Vh80,2021-04-30,-39,44,-28,-20,-12,15
MA,Morocco,ChIJsSpoj4Azpg0RdqFGLh2Vh80,2021-05-01,-32,39,-21,-23,-34,15
MA,Morocco,ChIJsSpoj4Azpg0RdqFGLh2Vh80,2021-05-02,-33,28,-21,-23,-18,11
MA,Morocco,ChIJsSpoj4Azpg0RdqFGLh2Vh80,2021-05-03,-34,38,-17,-18,-11,13
MA,Morocco,ChIJsSpoj4Azpg0RdqFGLh2Vh80,2021-05-04,-33,42,-18,-18,-12,14
MA,Morocco,ChIJsSpoj4Azpg0RdqFGLh2Vh80,2021-05-05,-34,39,-22,-19,-12,14
MA,Morocco,ChIJsSpoj4Azpg0RdqFGLh2Vh80,2021-05-06,-34,43,-19,-15,-13,14
MA,Morocco,ChIJsSpoj4Azpg0RdqFGLh2Vh80,2021-05-07,-34,52,-19,-16,-10,15
MA,Morocco,ChIJsSpoj4Azpg0RdqFGLh2Vh80,2021-05-08,-32,36,-22,-18,-6,13
MA,Morocco,ChIJsSpoj4Azpg0RdqFGLh2Vh80,2021-05-09,-30,30,-19,-17,-8,11
MA,Morocco,ChIJsSpoj4Azpg0RdqFGLh2Vh80,2021-05-10,-28,43,-11,-14,-21,13
MA,Morocco,ChIJsSpoj4Azpg0RdqFGLh2Vh80,2021-05-11,-27,54,-14,-11,-23,14
MA,Morocco,ChIJsSpoj4Azpg0RdqFGLh2Vh80,2021-05-12,-21,69,-14,-6,-30,13
MA,Morocco,ChIJsSpoj4Azpg0RdqFGLh2Vh80,2021-05-13,-37,-1,-19,-18,-76,13
MA,Morocco,ChIJsSpoj4Azpg0RdqFGLh2Vh80,2021-05-14,-31,10,-21,-34,-73,18
MA,Morocco,ChIJsSpoj4Azpg0RdqFGLh2Vh80,2021-05-15,-26,5,-12,-28,-42,10
MA,Morocco,ChIJsSpoj4Azpg0RdqFGLh2Vh80,2021-05-16,-21,3,-1,-16,-13,2
MA,Morocco,ChIJsSpoj4Azpg0RdqFGLh2Vh80,2021-05-17,-9,38,-6,-10,-9,7
MA,Morocco,ChIJsSpoj4Azpg0RdqFGLh2Vh80,2021-05-18,-7,44,-4,-7,-8,8
MA,Morocco,ChIJsSpoj4Azpg0RdqFGLh2Vh80,2021-05-19,-8,42,-7,-9,-7,8
MA,Morocco,ChIJsSpoj4Azpg0RdqFGLh2Vh80,2021-05-20,-7,48,-7,-7,-6,8
MA,Morocco,ChIJsSpoj4Azpg0RdqFGLh2Vh80,2021-05-21,0,58,5,-1,-2,7
MA,Morocco,ChIJsSpoj4Azpg0RdqFGLh2Vh80,2021-05-22,0,42,13,-2,6,6
MA,Morocco,ChIJsSpoj4Azpg0RdqFGLh2Vh80,2021-05-23,1,26,23,-4,2,4
MA,Morocco,ChIJsSpoj4Azpg0RdqFGLh2Vh80,2021-05-24,2,45,4,-3,-4,7
MA,Morocco,ChIJsSpoj4Azpg0RdqFGLh2Vh80,2021-05-25,3,48,5,-1,-4,6
MA,Morocco,ChIJsSpoj4Azpg0RdqFGLh2Vh80,2021-05-26,3,48,2,-3,-5,6
MA,Morocco,ChIJsSpoj4Azpg0RdqFGLh2Vh80,2021-05-27,5,56,2,1,-5,6
MA,Morocco,ChIJsSpoj4Azpg0RdqFGLh2Vh80,2021-05-28,6,67,6,4,-1,6
MA,Morocco,ChIJsSpoj4Azpg0RdqFGLh2Vh80,2021-05-29,7,55,19,5,5,4
MA,Morocco,ChIJsSpoj4Azpg0RdqFGLh2Vh80,2021-05-30,6,34,16,1,-2,3
MA,Morocco,ChIJsSpoj4Azpg0RdqFGLh2Vh80,2021-05-31,10,59,13,4,-3,5
MA,Morocco,ChIJsSpoj4Azpg0RdqFGLh2Vh80,2021-06-01,15,69,18,11,-4,4
MA,Morocco,ChIJsSpoj4Azpg0RdqFGLh2Vh80,2021-06-02,14,66,15,8,-4,5
MA,Morocco,ChIJsSpoj4Azpg0RdqFGLh2Vh80,2021-06-03,10,66,9,9,-4,5
MA,Morocco,ChIJsSpoj4Azpg0RdqFGLh2Vh80,2021-06-04,11,76,15,10,0,6
MA,Morocco,ChIJsSpoj4Azpg0RdqFGLh2Vh80,2021-06-05,12,61,30,10,5,3
MA,Morocco,ChIJsSpoj4Azpg0RdqFGLh2Vh80,2021-06-06,10,39,38,5,-1,2
MA,Morocco,ChIJsSpoj4Azpg0RdqFGLh2Vh80,2021-06-07,12,62,22,8,-2,5
MA,Morocco,ChIJsSpoj4Azpg0RdqFGLh2Vh80,2021-06-08,11,62,13,9,-4,5
MA,Morocco,ChIJsSpoj4Azpg0RdqFGLh2Vh80,2021-06-09,12,61,14,6,-4,5
MA,Morocco,ChIJsSpoj4Azpg0RdqFGLh2Vh80,2021-06-10,12,66,14,11,-4,4
MA,Morocco,ChIJsSpoj4Azpg0RdqFGLh2Vh80,2021-06-11,9,71,13,9,-1,5
MA,Morocco,ChIJsSpoj4Azpg0RdqFGLh2Vh80,2021-06-12,7,52,26,7,3,3
MA,Morocco,ChIJsSpoj4Azpg0RdqFGLh2Vh80,2021-06-13,4,31,36,3,-4,1
MA,Morocco,ChIJsSpoj4Azpg0RdqFGLh2Vh80,2021-06-14,9,55,18,5,-5,4
MA,Morocco,ChIJsSpoj4Azpg0RdqFGLh2Vh80,2021-06-15,10,59,16,12,-6,4
MA,Morocco,ChIJsSpoj4Azpg0RdqFGLh2Vh80,2021-06-16,8,54,13,9,-7,3
MA,Morocco,ChIJsSpoj4Azpg0RdqFGLh2Vh80,2021-06-17,8,58,9,11,-10,3
MA,Morocco,ChIJsSpoj4Azpg0RdqFGLh2Vh80,2021-06-18,5,64,8,10,-6,3
MA,Morocco,ChIJsSpoj4Azpg0RdqFGLh2Vh80,2021-06-19,3,46,15,7,1,2
MA,Morocco,ChIJsSpoj4Azpg0RdqFGLh2Vh80,2021-06-20,3,28,29,7,-6,1
MA,Morocco,ChIJsSpoj4Azpg0RdqFGLh2Vh80,2021-06-21,8,52,13,9,-9,3
MA,Morocco,ChIJsSpoj4Azpg0RdqFGLh2Vh80,2021-06-22,11,57,18,12,-10,2
MA,Morocco,ChIJsSpoj4Azpg0RdqFGLh2Vh80,2021-06-23,10,54,12,9,-9,3
MA,Morocco,ChIJsSpoj4Azpg0RdqFGLh2Vh80,2021-06-24,11,58,13,15,-10,3
MA,Morocco,ChIJsSpoj4Azpg0RdqFGLh2Vh80,2021-06-25,8,65,14,15,-7,3
MA,Morocco,ChIJsSpoj4Azpg0RdqFGLh2Vh80,2021-06-26,5,47,21,10,0,2
MA,Morocco,ChIJsSpoj4Azpg0RdqFGLh2Vh80,2021-06-27,4,28,33,9,-5,0
MA,Morocco,ChIJsSpoj4Azpg0RdqFGLh2Vh80,2021-06-28,14,56,22,13,-8,1
MA,Morocco,ChIJsSpoj4Azpg0RdqFGLh2Vh80,2021-06-29,12,55,16,13,-10,2
MA,Morocco,ChIJsSpoj4Azpg0RdqFGLh2Vh80,2021-06-30,15,61,16,14,-10,1
MA,Morocco,ChIJsSpoj4Azpg0RdqFGLh2Vh80,2021-07-01,20,73,24,23,-9,2
MA,Morocco,ChIJsSpoj4Azpg0RdqFGLh2Vh80,2021-07-02,16,78,21,20,-6,3
MA,Morocco,ChIJsSpoj4Azpg0RdqFGLh2Vh80,2021-07-03,10,56,25,16,1,2
MA,Morocco,ChIJsSpoj4Azpg0RdqFGLh2Vh80,2021-07-04,11,41,40,18,-3,-1
MA,Morocco,ChIJsSpoj4Azpg0RdqFGLh2Vh80,2021-07-05,20,68,37,23,-7,1
MA,Morocco,ChIJsSpoj4Azpg0RdqFGLh2Vh80,2021-07-06,19,69,28,23,-8,2
MA,Morocco,ChIJsSpoj4Azpg0RdqFGLh2Vh80,2021-07-07,20,69,26,22,-9,2
MA,Morocco,ChIJsSpoj4Azpg0RdqFGLh2Vh80,2021-07-08,21,74,31,27,-10,2
MA,Morocco,ChIJsSpoj4Azpg0RdqFGLh2Vh80,2021-07-09,16,79,30,24,-7,2
MA,Morocco,ChIJsSpoj4Azpg0RdqFGLh2Vh80,2021-07-10,11,57,33,21,4,0
MA,Morocco,ChIJsSpoj4Azpg0RdqFGLh2Vh80,2021-07-11,10,39,45,21,3,-1
MA,Morocco,ChIJsSpoj4Azpg0RdqFGLh2Vh80,2021-07-12,23,74,39,26,-9,2
MA,Morocco,ChIJsSpoj4Azpg0RdqFGLh2Vh80,2021-07-13,25,80,38,29,-11,2
MA,Morocco,ChIJsSpoj4Azpg0RdqFGLh2Vh80,2021-07-14,26,79,31,29,-12,2
MA,Morocco,ChIJsSpoj4Azpg0RdqFGLh2Vh80,2021-07-15,26,87,31,34,-11,1
MA,Morocco,ChIJsSpoj4Azpg0RdqFGLh2Vh80,2021-07-16,24,98,29,36,-8,2
MA,Morocco,ChIJsSpoj4Azpg0RdqFGLh2Vh80,2021-07-17,16,77,30,34,1,0
MA,Morocco,ChIJsSpoj4Azpg0RdqFGLh2Vh80,2021-07-18,15,65,31,33,8,-1
MA,Morocco,ChIJsSpoj4Azpg0RdqFGLh2Vh80,2021-07-19,20,98,21,30,-32,3
MA,Morocco,ChIJsSpoj4Azpg0RdqFGLh2Vh80,2021-07-20,9,99,4,20,-45,4
MA,Morocco,ChIJsSpoj4Azpg0RdqFGLh2Vh80,2021-07-21,-50,-23,-46,-35,-85,19
MA,Morocco,ChIJsSpoj4Azpg0RdqFGLh2Vh80,2021-07-22,-31,3,-18,-21,-79,13
MA,Morocco,ChIJsSpoj4Azpg0RdqFGLh2Vh80,2021-07-23,-22,22,-8,-12,-59,10
MA,Morocco,ChIJsSpoj4Azpg0RdqFGLh2Vh80,2021-07-24,-26,4,-2,-16,-46,8
MA,Morocco,ChIJsSpoj4Azpg0RdqFGLh2Vh80,2021-07-25,-16,7,9,0,-20,1
MA,Morocco,ChIJsSpoj4Azpg0RdqFGLh2Vh80,2021-07-26,2,41,16,4,-33,5
MA,Morocco,ChIJsSpoj4Azpg0RdqFGLh2Vh80,2021-07-27,4,47,17,6,-33,6
MA,Morocco,ChIJsSpoj4Azpg0RdqFGLh2Vh80,2021-07-28,4,45,11,5,-32,6
MA,Morocco,ChIJsSpoj4Azpg0RdqFGLh2Vh80,2021-07-29,7,53,16,14,-32,5
MA,Morocco,ChIJsSpoj4Azpg0RdqFGLh2Vh80,2021-07-30,-3,47,12,-6,-62,14
MA,Morocco,ChIJsSpoj4Azpg0RdqFGLh2Vh80,2021-07-31,-5,34,15,5,-25,6
MA,Morocco,ChIJsSpoj4Azpg0RdqFGLh2Vh80,2021-08-01,-1,24,25,10,-10,1
MA,Morocco,ChIJsSpoj4Azpg0RdqFGLh2Vh80,2021-08-02,16,60,28,16,-27,5
MA,Morocco,ChIJsSpoj4Azpg0RdqFGLh2Vh80,2021-08-03,9,59,20,14,-30,7
MA,Morocco,ChIJsSpoj4Azpg0RdqFGLh2Vh80,2021-08-04,9,58,15,10,-29,7
MA,Morocco,ChIJsSpoj4Azpg0RdqFGLh2Vh80,2021-08-05,8,62,19,14,-29,7
MA,Morocco,ChIJsSpoj4Azpg0RdqFGLh2Vh80,2021-08-06,3,64,12,9,-27,9
MA,Morocco,ChIJsSpoj4Azpg0RdqFGLh2Vh80,2021-08-07,-1,46,17,8,-13,6
MA,Morocco,ChIJsSpoj4Azpg0RdqFGLh2Vh80,2021-08-08,-1,27,28,7,-8,4
MA,Morocco,ChIJsSpoj4Azpg0RdqFGLh2Vh80,2021-08-09,13,61,25,10,-31,6
MA,Morocco,ChIJsSpoj4Azpg0RdqFGLh2Vh80,2021-08-10,6,49,24,-2,-59,14
MA,Morocco,ChIJsSpoj4Azpg0RdqFGLh2Vh80,2021-08-11,9,60,18,8,-30,7
MA,Morocco,ChIJsSpoj4Azpg0RdqFGLh2Vh80,2021-08-12,8,59,16,12,-31,7
MA,Morocco,ChIJsSpoj4Azpg0RdqFGLh2Vh80,2021-08-13,3,62,11,7,-29,9
MA,Morocco,ChIJsSpoj4Azpg0RdqFGLh2Vh80,2021-08-14,-7,37,18,1,-25,7
MA,Morocco,ChIJsSpoj4Azpg0RdqFGLh2Vh80,2021-08-15,-3,23,30,5,-7,4
MA,Morocco,ChIJsSpoj4Azpg0RdqFGLh2Vh80,2021-08-16,12,58,24,10,-30,6
MA,Morocco,ChIJsSpoj4Azpg0RdqFGLh2Vh80,2021-08-17,13,61,19,12,-32,7
MA,Morocco,ChIJsSpoj4Azpg0RdqFGLh2Vh80,2021-08-18,9,62,13,10,-28,7
MA,Morocco,ChIJsSpoj4Azpg0RdqFGLh2Vh80,2021-08-19,5,57,4,12,-30,7
MA,Morocco,ChIJsSpoj4Azpg0RdqFGLh2Vh80,2021-08-20,-4,48,4,-4,-56,14
MA,Morocco,ChIJsSpoj4Azpg0RdqFGLh2Vh80,2021-08-21,-8,29,7,-3,-27,8
MA,Morocco,ChIJsSpoj4Azpg0RdqFGLh2Vh80,2021-08-22,-4,19,17,4,-4,3
MA,Morocco,ChIJsSpoj4Azpg0RdqFGLh2Vh80,2021-08-23,11,54,12,8,-25,7
MA,Morocco,ChIJsSpoj4Azpg0RdqFGLh2Vh80,2021-08-24,11,56,8,10,-26,7
MA,Morocco,ChIJsSpoj4Azpg0RdqFGLh2Vh80,2021-08-25,10,54,9,8,-24,7
MA,Morocco,ChIJsSpoj4Azpg0RdqFGLh2Vh80,2021-08-26,10,58,9,11,-25,7
MA,Morocco,ChIJsSpoj4Azpg0RdqFGLh2Vh80,2021-08-27,5,61,3,6,-21,9
MA,Morocco,ChIJsSpoj4Azpg0RdqFGLh2Vh80,2021-08-28,2,42,13,5,-5,6
MA,Morocco,ChIJsSpoj4Azpg0RdqFGLh2Vh80,2021-08-29,3,27,21,6,0,4
MA,Morocco,ChIJsSpoj4Azpg0RdqFGLh2Vh80,2021-08-30,15,58,16,10,-20,6
MA,Morocco,ChIJsSpoj4Azpg0RdqFGLh2Vh80,2021-08-31,16,63,14,14,-19,6
MA,Morocco,ChIJsSpoj4Azpg0RdqFGLh2Vh80,2021-09-01,17,66,12,14,-17,6
MA,Morocco,ChIJsSpoj4Azpg0RdqFGLh2Vh80,2021-09-02,17,69,8,15,-17,6
MA,Morocco,ChIJsSpoj4Azpg0RdqFGLh2Vh80,2021-09-03,13,72,6,12,-13,8
MA,Morocco,ChIJsSpoj4Azpg0RdqFGLh2Vh80,2021-09-04,10,54,15,9,0,5
MA,Morocco,ChIJsSpoj4Azpg0RdqFGLh2Vh80,2021-09-05,9,34,23,9,4,3
MA,Morocco,ChIJsSpoj4Azpg0RdqFGLh2Vh80,2021-09-06,20,66,16,14,-14,5
MA,Morocco,ChIJsSpoj4Azpg0RdqFGLh2Vh80,2021-09-07,17,66,11,13,-16,6
MA,Morocco,ChIJsSpoj4Azpg0RdqFGLh2Vh80,2021-09-08,13,59,3,7,-16,6
MA,Morocco,ChIJsSpoj4Azpg0RdqFGLh2Vh80,2021-09-09,13,61,2,10,-16,7
MA,Morocco,ChIJsSpoj4Azpg0RdqFGLh2Vh80,2021-09-10,9,65,-3,8,-12,8
MA,Morocco,ChIJsSpoj4Azpg0RdqFGLh2Vh80,2021-09-11,7,47,5,5,0,6
MA,Morocco,ChIJsSpoj4Azpg0RdqFGLh2Vh80,2021-09-12,6,27,12,3,3,4
MA,Morocco,ChIJsSpoj4Azpg0RdqFGLh2Vh80,2021-09-13,15,57,3,9,-14,6
MA,Morocco,ChIJsSpoj4Azpg0RdqFGLh2Vh80,2021-09-14,16,61,3,10,-15,6
MA,Morocco,ChIJsSpoj4Azpg0RdqFGLh2Vh80,2021-09-15,15,58,1,9,-15,6
MA,Morocco,ChIJsSpoj4Azpg0RdqFGLh2Vh80,2021-09-16,14,60,1,12,-16,6
MA,Morocco,ChIJsSpoj4Azpg0RdqFGLh2Vh80,2021-09-17,10,64,-1,9,-13,8
MA,Morocco,ChIJsSpoj4Azpg0RdqFGLh2Vh80,2021-09-18,7,46,4,5,0,6
MA,Morocco,ChIJsSpoj4Azpg0RdqFGLh2Vh80,2021-09-19,8,28,8,4,2,4
MA,Morocco,ChIJsSpoj4Azpg0RdqFGLh2Vh80,2021-09-20,15,56,8,9,-14,6
MA,Morocco,ChIJsSpoj4Azpg0RdqFGLh2Vh80,2021-09-21,15,59,5,9,-14,6
MA,Morocco,ChIJsSpoj4Azpg0RdqFGLh2Vh80,2021-09-22,13,55,0,6,-11,7
MA,Morocco,ChIJsSpoj4Azpg0RdqFGLh2Vh80,2021-09-23,14,59,-2,10,-12,6
MA,Morocco,ChIJsSpoj4Azpg0RdqFGLh2Vh80,2021-09-24,10,63,-6,8,-9,7
MA,Morocco,ChIJsSpoj4Azpg0RdqFGLh2Vh80,2021-09-25,8,47,1,3,2,6
MA,Morocco,ChIJsSpoj4Azpg0RdqFGLh2Vh80,2021-09-26,8,28,5,3,5,4
MA,Morocco,ChIJsSpoj4Azpg0RdqFGLh2Vh80,2021-09-27,15,55,7,6,-10,6
MA,Morocco,ChIJsSpoj4Azpg0RdqFGLh2Vh80,2021-09-28,15,57,-2,7,-11,6
MA,Morocco,ChIJsSpoj4Azpg0RdqFGLh2Vh80,2021-09-29,16,59,-2,8,-11,6
MA,Morocco,ChIJsSpoj4Azpg0RdqFGLh2Vh80,2021-09-30,18,67,-2,14,-9,6
MA,Morocco,ChIJsSpoj4Azpg0RdqFGLh2Vh80,2021-10-01,20,78,3,15,-6,5
MA,Morocco,ChIJsSpoj4Azpg0RdqFGLh2Vh80,2021-10-02,19,64,9,12,5,4
MA,Morocco,ChIJsSpoj4Azpg0RdqFGLh2Vh80,2021-10-03,20,48,11,11,6,3
MA,Morocco,ChIJsSpoj4Azpg0RdqFGLh2Vh80,2021-10-04,23,70,10,15,-7,2
MA,Morocco,ChIJsSpoj4Azpg0RdqFGLh2Vh80,2021-10-05,23,72,9,16,-9,3
MA,Morocco,ChIJsSpoj4Azpg0RdqFGLh2Vh80,2021-10-06,22,67,2,12,-7,4
MA,Morocco,ChIJsSpoj4Azpg0RdqFGLh2Vh80,2021-10-07,20,69,0,16,-7,4
MA,Morocco,ChIJsSpoj4Azpg0RdqFGLh2Vh80,2021-10-08,18,75,-1,14,-3,5
MA,Morocco,ChIJsSpoj4Azpg0RdqFGLh2Vh80,2021-10-09,19,60,5,11,6,4
MA,Morocco,ChIJsSpoj4Azpg0RdqFGLh2Vh80,2021-10-10,20,45,11,12,7,4
MA,Morocco,ChIJsSpoj4Azpg0RdqFGLh2Vh80,2021-10-11,21,64,8,13,-4,2
MA,Morocco,ChIJsSpoj4Azpg0RdqFGLh2Vh80,2021-10-12,22,67,4,15,-4,3
MA,Morocco,ChIJsSpoj4Azpg0RdqFGLh2Vh80,2021-10-13,22,67,5,13,-4,4
MA,Morocco,ChIJsSpoj4Azpg0RdqFGLh2Vh80,2021-10-14,20,68,-1,16,-3,4
MA,Morocco,ChIJsSpoj4Azpg0RdqFGLh2Vh80,2021-10-15,18,74,1,18,0,5
MA,Morocco,ChIJsSpoj4Azpg0RdqFGLh2Vh80,2021-10-16,17,58,3,13,8,4
MA,Morocco,ChIJsSpoj4Azpg0RdqFGLh2Vh80,2021-10-17,15,41,1,8,10,5
MA,Morocco,ChIJsSpoj4Azpg0RdqFGLh2Vh80,2021-10-18,29,81,14,19,-14,2
MA,Morocco,ChIJsSpoj4Azpg0RdqFGLh2Vh80,2021-10-19,-1,25,3,-7,-72,13
MA,Morocco,ChIJsSpoj4Azpg0RdqFGLh2Vh80,2021-10-20,6,41,-10,-6,-50,10
MA,Morocco,ChIJsSpoj4Azpg0RdqFGLh2Vh80,2021-10-21,13,60,-6,11,-6,4
MA,Morocco,ChIJsSpoj4Azpg0RdqFGLh2Vh80,2021-10-22,14,67,-3,9,-1,6
MA,Morocco,ChIJsSpoj4Azpg0RdqFGLh2Vh80,2021-10-23,12,51,0,4,7,7
MA,Morocco,ChIJsSpoj4Azpg0RdqFGLh2Vh80,2021-10-24,9,31,0,1,4,7
MA,Morocco,ChIJsSpoj4Azpg0RdqFGLh2Vh80,2021-10-25,16,56,2,8,-1,5
MA,Morocco,ChIJsSpoj4Azpg0RdqFGLh2Vh80,2021-10-26,18,61,1,9,-1,4
MA,Morocco,ChIJsSpoj4Azpg0RdqFGLh2Vh80,2021-10-27,18,62,-2,7,0,5
MA,Morocco,ChIJsSpoj4Azpg0RdqFGLh2Vh80,2021-10-28,17,64,-7,11,1,4
MA,Morocco,ChIJsSpoj4Azpg0RdqFGLh2Vh80,2021-10-29,18,73,-2,13,5,5
MA,Morocco,ChIJsSpoj4Azpg0RdqFGLh2Vh80,2021-10-30,18,63,3,10,12,4
MA,Morocco,ChIJsSpoj4Azpg0RdqFGLh2Vh80,2021-10-31,18,43,8,8,5,4
MA,Morocco,ChIJsSpoj4Azpg0RdqFGLh2Vh80,2021-11-01,22,65,5,13,1,4
MA,Morocco,ChIJsSpoj4Azpg0RdqFGLh2Vh80,2021-11-02,21,69,0,14,2,3
MA,Morocco,ChIJsSpoj4Azpg0RdqFGLh2Vh80,2021-11-03,21,68,-4,12,3,4
MA,Morocco,ChIJsSpoj4Azpg0RdqFGLh2Vh80,2021-11-04,21,74,-4,17,4,4
MA,Morocco,ChIJsSpoj4Azpg0RdqFGLh2Vh80,2021-11-05,21,80,-1,20,8,4
MA,Morocco,ChIJsSpoj4Azpg0RdqFGLh2Vh80,2021-11-06,15,58,-5,7,-17,8
MA,Morocco,ChIJsSpoj4Azpg0RdqFGLh2Vh80,2021-11-07,20,48,3,15,2,5
MA,Morocco,ChIJsSpoj4Azpg0RdqFGLh2Vh80,2021-11-08,21,67,6,13,5,4
MA,Morocco,ChIJsSpoj4Azpg0RdqFGLh2Vh80,2021-11-09,21,70,3,14,4,4
MA,Morocco,ChIJsSpoj4Azpg0RdqFGLh2Vh80,2021-11-10,22,68,3,14,4,4
MA,Morocco,ChIJsSpoj4Azpg0RdqFGLh2Vh80,2021-11-11,23,72,-2,18,3,4
MA,Morocco,ChIJsSpoj4Azpg0RdqFGLh2Vh80,2021-11-12,21,76,-3,17,8,5
MA,Morocco,ChIJsSpoj4Azpg0RdqFGLh2Vh80,2021-11-13,20,63,7,17,11,4
MA,Morocco,ChIJsSpoj4Azpg0RdqFGLh2Vh80,2021-11-14,19,43,6,16,1,4
MA,Morocco,ChIJsSpoj4Azpg0RdqFGLh2Vh80,2021-11-15,23,64,12,17,-3,4
MA,Morocco,ChIJsSpoj4Azpg0RdqFGLh2Vh80,2021-11-16,24,67,3,16,-4,4
MA,Morocco,ChIJsSpoj4Azpg0RdqFGLh2Vh80,2021-11-17,25,67,5,20,-6,2
MA,Morocco,ChIJsSpoj4Azpg0RdqFGLh2Vh80,2021-11-18,24,64,2,5,-53,12
MA,Morocco,ChIJsSpoj4Azpg0RdqFGLh2Vh80,2021-11-19,14,66,-8,8,-12,7
MA,Morocco,ChIJsSpoj4Azpg0RdqFGLh2Vh80,2021-11-20,14,55,-2,7,3,4
MA,Morocco,ChIJsSpoj4Azpg0RdqFGLh2Vh80,2021-11-21,13,40,-2,9,2,4
MA,Morocco,ChIJsSpoj4Azpg0RdqFGLh2Vh80,2021-11-22,21,63,3,11,7,4
MA,Morocco,ChIJsSpoj4Azpg0RdqFGLh2Vh80,2021-11-23,12,53,-21,3,6,5
MA,Morocco,ChIJsSpoj4Azpg0RdqFGLh2Vh80,2021-11-24,18,59,-14,6,7,5
MA,Morocco,ChIJsSpoj4Azpg0RdqFGLh2Vh80,2021-11-25,18,65,-14,11,7,5
MA,Morocco,ChIJsSpoj4Azpg0RdqFGLh2Vh80,2021-11-26,23,77,-6,15,12,5
MA,Morocco,ChIJsSpoj4Azpg0RdqFGLh2Vh80,2021-11-27,24,68,-2,13,16,5
MA,Morocco,ChIJsSpoj4Azpg0RdqFGLh2Vh80,2021-11-28,23,51,2,11,5,5
MA,Morocco,ChIJsSpoj4Azpg0RdqFGLh2Vh80,2021-11-29,22,67,-1,15,10,4
MA,Morocco,ChIJsSpoj4Azpg0RdqFGLh2Vh80,2021-11-30,23,72,-2,7,8,4
MA,Morocco,ChIJsSpoj4Azpg0RdqFGLh2Vh80,2021-12-01,25,75,0,6,7,4
MA,Morocco,ChIJsSpoj4Azpg0RdqFGLh2Vh80,2021-12-02,16,67,-18,3,9,6
MA,Morocco,ChIJsSpoj4Azpg0RdqFGLh2Vh80,2021-12-03,26,88,3,12,14,5
MA,Morocco,ChIJsSpoj4Azpg0RdqFGLh2Vh80,2021-12-04,25,72,4,9,15,5
MA,Morocco,ChIJsSpoj4Azpg0RdqFGLh2Vh80,2021-12-05,24,54,9,6,4,5
MA,Morocco,ChIJsSpoj4Azpg0RdqFGLh2Vh80,2021-12-06,23,68,1,6,11,5
MA,Morocco,ChIJsSpoj4Azpg0RdqFGLh2Vh80,2021-12-07,22,70,-4,6,12,5
MA,Morocco,ChIJsSpoj4Azpg0RdqFGLh2Vh80,2021-12-08,20,63,-11,2,13,5
MA,Morocco,ChIJsSpoj4Azpg0RdqFGLh2Vh80,2021-12-09,21,72,-9,5,15,5
MA,Morocco,ChIJsSpoj4Azpg0RdqFGLh2Vh80,2021-12-10,19,73,-8,2,17,6
MA,Morocco,ChIJsSpoj4Azpg0RdqFGLh2Vh80,2021-12-11,21,56,-5,-3,22,5
MA,Morocco,ChIJsSpoj4Azpg0RdqFGLh2Vh80,2021-12-12,19,43,8,-4,9,6
MA,Morocco,ChIJsSpoj4Azpg0RdqFGLh2Vh80,2021-12-13,19,60,-2,-1,15,6
MA,Morocco,ChIJsSpoj4Azpg0RdqFGLh2Vh80,2021-12-14,19,64,-4,1,13,6
MA,Morocco,ChIJsSpoj4Azpg0RdqFGLh2Vh80,2021-12-15,18,59,-7,-2,13,6
MA,Morocco,ChIJsSpoj4Azpg0RdqFGLh2Vh80,2021-12-16,18,64,-10,1,14,6
MA,Morocco,ChIJsSpoj4Azpg0RdqFGLh2Vh80,2021-12-17,18,66,-3,1,17,7
MA,Morocco,ChIJsSpoj4Azpg0RdqFGLh2Vh80,2021-12-18,18,56,0,-2,22,6
MA,Morocco,ChIJsSpoj4Azpg0RdqFGLh2Vh80,2021-12-19,17,40,6,-6,9,6
MA,Morocco,ChIJsSpoj4Azpg0RdqFGLh2Vh80,2021-12-20,18,59,1,-3,13,6
MA,Morocco,ChIJsSpoj4Azpg0RdqFGLh2Vh80,2021-12-21,17,58,-10,-3,13,6
MA,Morocco,ChIJsSpoj4Azpg0RdqFGLh2Vh80,2021-12-22,10,44,-25,-9,11,8
MA,Morocco,ChIJsSpoj4Azpg0RdqFGLh2Vh80,2021-12-23,20,68,-9,2,12,6
MA,Morocco,ChIJsSpoj4Azpg0RdqFGLh2Vh80,2021-12-24,18,72,-9,0,13,7
MA,Morocco,ChIJsSpoj4Azpg0RdqFGLh2Vh80,2021-12-25,4,42,-27,-11,14,9
MA,Morocco,ChIJsSpoj4Azpg0RdqFGLh2Vh80,2021-12-26,16,40,1,-7,10,6
MA,Morocco,ChIJsSpoj4Azpg0RdqFGLh2Vh80,2021-12-27,18,58,1,-4,-4,7
MA,Morocco,ChIJsSpoj4Azpg0RdqFGLh2Vh80,2021-12-28,21,64,-1,1,-6,7
MA,Morocco,ChIJsSpoj4Azpg0RdqFGLh2Vh80,2021-12-29,20,63,-3,-2,-7,7
MA,Morocco,ChIJsSpoj4Azpg0RdqFGLh2Vh80,2021-12-30,23,70,0,3,-9,7
MA,Morocco,ChIJsSpoj4Azpg0RdqFGLh2Vh80,2021-12-31,19,83,-2,2,-11,8
MA,Morocco,ChIJ3Q-0RKaLnw0RKN5TjZmEYfE,2021-01-01,-34,11,-45,-18,-43,20
MA,Morocco,ChIJ3Q-0RKaLnw0RKN5TjZmEYfE,2021-01-02,-22,23,-23,-9,-7,14
MA,Morocco,ChIJ3Q-0RKaLnw0RKN5TjZmEYfE,2021-01-03,-20,18,-19,1,-7,10
MA,Morocco,ChIJ3Q-0RKaLnw0RKN5TjZmEYfE,2021-01-04,-19,37,-18,-1,-8,10
MA,Morocco,ChIJ3Q-0RKaLnw0RKN5TjZmEYfE,2021-01-05,-26,22,-36,-15,-8,12
MA,Morocco,ChIJ3Q-0RKaLnw0RKN5TjZmEYfE,2021-01-06,-24,25,-35,-11,-8,13
MA,Morocco,ChIJ3Q-0RKaLnw0RKN5TjZmEYfE,2021-01-07,-21,33,-33,-14,-8,13
MA,Morocco,ChIJ3Q-0RKaLnw0RKN5TjZmEYfE,2021-01-08,-26,21,-42,-15,-6,13
MA,Morocco,ChIJ3Q-0RKaLnw0RKN5TjZmEYfE,2021-01-09,-23,14,-40,-14,1,13
MA,Morocco,ChIJ3Q-0RKaLnw0RKN5TjZmEYfE,2021-01-10,-22,4,-40,-18,-9,13
MA,Morocco,ChIJ3Q-0RKaLnw0RKN5TjZmEYfE,2021-01-11,-18,27,-32,-8,-39,16
MA,Morocco,ChIJ3Q-0RKaLnw0RKN5TjZmEYfE,2021-01-12,-19,31,-27,-11,-7,9
MA,Morocco,ChIJ3Q-0RKaLnw0RKN5TjZmEYfE,2021-01-13,-23,22,-31,-13,-10,7
MA,Morocco,ChIJ3Q-0RKaLnw0RKN5TjZmEYfE,2021-01-14,-25,21,-34,-27,-17,8
MA,Morocco,ChIJ3Q-0RKaLnw0RKN5TjZmEYfE,2021-01-15,-30,9,-42,-23,-17,8
MA,Morocco,ChIJ3Q-0RKaLnw0RKN5TjZmEYfE,2021-01-16,-29,3,-38,-27,-14,7
MA,Morocco,ChIJ3Q-0RKaLnw0RKN5TjZmEYfE,2021-01-17,-29,-4,-38,-26,-21,7
MA,Morocco,ChIJ3Q-0RKaLnw0RKN5TjZmEYfE,2021-01-18,-25,16,-35,-20,-17,7
MA,Morocco,ChIJ3Q-0RKaLnw0RKN5TjZmEYfE,2021-01-19,-25,17,-35,-23,-16,7
MA,Morocco,ChIJ3Q-0RKaLnw0RKN5TjZmEYfE,2021-01-20,-27,12,-38,-22,-16,7
MA,Morocco,ChIJ3Q-0RKaLnw0RKN5TjZmEYfE,2021-01-21,-24,21,-38,-23,-18,9
MA,Morocco,ChIJ3Q-0RKaLnw0RKN5TjZmEYfE,2021-01-22,-29,7,-49,-20,-16,9
MA,Morocco,ChIJ3Q-0RKaLnw0RKN5TjZmEYfE,2021-01-23,-23,12,-37,-15,-11,8
MA,Morocco,ChIJ3Q-0RKaLnw0RKN5TjZmEYfE,2021-01-24,-23,0,-30,-14,-16,6
MA,Morocco,ChIJ3Q-0RKaLnw0RKN5TjZmEYfE,2021-01-25,-19,22,-25,-13,-29,8
MA,Morocco,ChIJ3Q-0RKaLnw0RKN5TjZmEYfE,2021-01-26,-20,20,-27,-16,-28,7
MA,Morocco,ChIJ3Q-0RKaLnw0RKN5TjZmEYfE,2021-01-27,-21,22,-25,-15,-28,7
MA,Morocco,ChIJ3Q-0RKaLnw0RKN5TjZmEYfE,2021-01-28,-20,27,-24,-18,-30,7
MA,Morocco,ChIJ3Q-0RKaLnw0RKN5TjZmEYfE,2021-01-29,-21,26,-29,-12,-29,6
MA,Morocco,ChIJ3Q-0RKaLnw0RKN5TjZmEYfE,2021-01-30,-21,18,-30,-10,-17,5
MA,Morocco,ChIJ3Q-0RKaLnw0RKN5TjZmEYfE,2021-01-31,-19,10,-30,-9,-14,3
MA,Morocco,ChIJ3Q-0RKaLnw0RKN5TjZmEYfE,2021-02-01,-20,34,-28,-13,-15,5
MA,Morocco,ChIJ3Q-0RKaLnw0RKN5TjZmEYfE,2021-02-02,-21,34,-32,-21,-12,5
MA,Morocco,ChIJ3Q-0RKaLnw0RKN5TjZmEYfE,2021-02-03,-24,26,-33,-25,-14,5
MA,Morocco,ChIJ3Q-0RKaLnw0RKN5TjZmEYfE,2021-02-04,-24,27,-33,-31,-16,5
MA,Morocco,ChIJ3Q-0RKaLnw0RKN5TjZmEYfE,2021-02-05,-28,21,-39,-27,-12,7
MA,Morocco,ChIJ3Q-0RKaLnw0RKN5TjZmEYfE,2021-02-06,-26,12,-37,-28,-7,8
MA,Morocco,ChIJ3Q-0RKaLnw0RKN5TjZmEYfE,2021-02-07,-27,-1,-39,-30,-15,8
MA,Morocco,ChIJ3Q-0RKaLnw0RKN5TjZmEYfE,2021-02-08,-23,28,-33,-24,-14,6
MA,Morocco,ChIJ3Q-0RKaLnw0RKN5TjZmEYfE,2021-02-09,-21,33,-34,-27,-12,6
MA,Morocco,ChIJ3Q-0RKaLnw0RKN5TjZmEYfE,2021-02-10,-20,29,-23,-20,-13,5
MA,Morocco,ChIJ3Q-0RKaLnw0RKN5TjZmEYfE,2021-02-11,-22,33,-30,-27,-15,6
MA,Morocco,ChIJ3Q-0RKaLnw0RKN5TjZmEYfE,2021-02-12,-24,25,-32,-23,-12,4
MA,Morocco,ChIJ3Q-0RKaLnw0RKN5TjZmEYfE,2021-02-13,-21,19,-26,-25,-8,4
MA,Morocco,ChIJ3Q-0RKaLnw0RKN5TjZmEYfE,2021-02-14,-21,8,-23,-24,-13,3
MA,Morocco,ChIJ3Q-0RKaLnw0RKN5TjZmEYfE,2021-02-15,-22,32,-31,-23,-15,4
MA,Morocco,ChIJ3Q-0RKaLnw0RKN5TjZmEYfE,2021-02-16,-22,30,-31,-29,-13,4
MA,Morocco,ChIJ3Q-0RKaLnw0RKN5TjZmEYfE,2021-02-17,-21,32,-26,-21,-12,4
MA,Morocco,ChIJ3Q-0RKaLnw0RKN5TjZmEYfE,2021-02-18,-22,37,-26,-28,-14,5
MA,Morocco,ChIJ3Q-0RKaLnw0RKN5TjZmEYfE,2021-02-19,-22,30,-30,-22,-10,4
MA,Morocco,ChIJ3Q-0RKaLnw0RKN5TjZmEYfE,2021-02-20,-19,25,-22,-22,-6,3
MA,Morocco,ChIJ3Q-0RKaLnw0RKN5TjZmEYfE,2021-02-21,-28,-3,-44,-30,-14,6
MA,Morocco,ChIJ3Q-0RKaLnw0RKN5TjZmEYfE,2021-02-22,-19,36,-28,-20,-11,4
MA,Morocco,ChIJ3Q-0RKaLnw0RKN5TjZmEYfE,2021-02-23,-19,35,-28,-25,-10,4
MA,Morocco,ChIJ3Q-0RKaLnw0RKN5TjZmEYfE,2021-02-24,-20,32,-27,-24,-11,4
MA,Morocco,ChIJ3Q-0RKaLnw0RKN5TjZmEYfE,2021-02-25,-20,38,-28,-29,-12,4
MA,Morocco,ChIJ3Q-0RKaLnw0RKN5TjZmEYfE,2021-02-26,-22,30,-36,-22,-8,5
MA,Morocco,ChIJ3Q-0RKaLnw0RKN5TjZmEYfE,2021-02-27,-18,26,-27,-22,-3,4
MA,Morocco,ChIJ3Q-0RKaLnw0RKN5TjZmEYfE,2021-02-28,-17,13,-30,-23,-10,5
MA,Morocco,ChIJ3Q-0RKaLnw0RKN5TjZmEYfE,2021-03-01,-17,41,-29,-20,-9,4
MA,Morocco,ChIJ3Q-0RKaLnw0RKN5TjZmEYfE,2021-03-02,-14,43,-22,-23,-7,3
MA,Morocco,ChIJ3Q-0RKaLnw0RKN5TjZmEYfE,2021-03-03,-14,43,-23,-18,-9,3
MA,Morocco,ChIJ3Q-0RKaLnw0RKN5TjZmEYfE,2021-03-04,-16,41,-26,-24,-10,4
MA,Morocco,ChIJ3Q-0RKaLnw0RKN5TjZmEYfE,2021-03-05,-19,37,-31,-20,-6,5
MA,Morocco,ChIJ3Q-0RKaLnw0RKN5TjZmEYfE,2021-03-06,-16,26,-27,-25,0,5
MA,Morocco,ChIJ3Q-0RKaLnw0RKN5TjZmEYfE,2021-03-07,-19,10,-33,-24,-8,6
MA,Morocco,ChIJ3Q-0RKaLnw0RKN5TjZmEYfE,2021-03-08,-18,34,-34,-24,-9,4
MA,Morocco,ChIJ3Q-0RKaLnw0RKN5TjZmEYfE,2021-03-09,-14,42,-24,-25,-7,3
MA,Morocco,ChIJ3Q-0RKaLnw0RKN5TjZmEYfE,2021-03-10,-14,41,-19,-21,-8,4
MA,Morocco,ChIJ3Q-0RKaLnw0RKN5TjZmEYfE,2021-03-11,-17,46,-24,-21,-10,4
MA,Morocco,ChIJ3Q-0RKaLnw0RKN5TjZmEYfE,2021-03-12,-18,38,-28,-15,-7,4
MA,Morocco,ChIJ3Q-0RKaLnw0RKN5TjZmEYfE,2021-03-13,-13,30,-18,-17,-4,2
MA,Morocco,ChIJ3Q-0RKaLnw0RKN5TjZmEYfE,2021-03-14,-14,16,-15,-10,-12,1
MA,Morocco,ChIJ3Q-0RKaLnw0RKN5TjZmEYfE,2021-03-15,-13,43,-17,-11,-22,2
MA,Morocco,ChIJ3Q-0RKaLnw0RKN5TjZmEYfE,2021-03-16,-14,41,-18,-22,-21,2
MA,Morocco,ChIJ3Q-0RKaLnw0RKN5TjZmEYfE,2021-03-17,-15,41,-14,-14,-21,1
MA,Morocco,ChIJ3Q-0RKaLnw0RKN5TjZmEYfE,2021-03-18,-13,49,-14,-16,-22,3
MA,Morocco,ChIJ3Q-0RKaLnw0RKN5TjZmEYfE,2021-03-19,-17,37,-26,-12,-20,3
MA,Morocco,ChIJ3Q-0RKaLnw0RKN5TjZmEYfE,2021-03-20,-22,17,-37,-21,-14,5
MA,Morocco,ChIJ3Q-0RKaLnw0RKN5TjZmEYfE,2021-03-21,-12,23,-14,-6,-8,2
MA,Morocco,ChIJ3Q-0RKaLnw0RKN5TjZmEYfE,2021-03-22,-11,51,-17,-10,-9,3
MA,Morocco,ChIJ3Q-0RKaLnw0RKN5TjZmEYfE,2021-03-23,-12,49,-18,-22,-9,3
MA,Morocco,ChIJ3Q-0RKaLnw0RKN5TjZmEYfE,2021-03-24,-14,47,-18,-18,-8,3
MA,Morocco,ChIJ3Q-0RKaLnw0RKN5TjZmEYfE,2021-03-25,-15,45,-22,-22,-8,4
MA,Morocco,ChIJ3Q-0RKaLnw0RKN5TjZmEYfE,2021-03-26,-17,37,-26,-16,-6,3
MA,Morocco,ChIJ3Q-0RKaLnw0RKN5TjZmEYfE,2021-03-27,-16,31,-19,-25,-1,3
MA,Morocco,ChIJ3Q-0RKaLnw0RKN5TjZmEYfE,2021-03-28,-17,17,-20,-19,-8,3
MA,Morocco,ChIJ3Q-0RKaLnw0RKN5TjZmEYfE,2021-03-29,-17,42,-23,-23,-7,4
MA,Morocco,ChIJ3Q-0RKaLnw0RKN5TjZmEYfE,2021-03-30,-14,44,-23,-15,-5,3
MA,Morocco,ChIJ3Q-0RKaLnw0RKN5TjZmEYfE,2021-03-31,-14,46,-21,-20,-7,3
MA,Morocco,ChIJ3Q-0RKaLnw0RKN5TjZmEYfE,2021-04-01,-12,53,-19,-19,-7,3
MA,Morocco,ChIJ3Q-0RKaLnw0RKN5TjZmEYfE,2021-04-02,-14,46,-21,-18,-4,4
MA,Morocco,ChIJ3Q-0RKaLnw0RKN5TjZmEYfE,2021-04-03,-11,40,-12,-19,-2,3
MA,Morocco,ChIJ3Q-0RKaLnw0RKN5TjZmEYfE,2021-04-04,-12,25,-10,-18,-8,1
MA,Morocco,ChIJ3Q-0RKaLnw0RKN5TjZmEYfE,2021-04-05,-9,55,-15,-14,-10,3
MA,Morocco,ChIJ3Q-0RKaLnw0RKN5TjZmEYfE,2021-04-06,-11,49,-20,-23,-5,3
MA,Morocco,ChIJ3Q-0RKaLnw0RKN5TjZmEYfE,2021-04-07,-12,49,-18,-18,-7,2
MA,Morocco,ChIJ3Q-0RKaLnw0RKN5TjZmEYfE,2021-04-08,-13,49,-21,-20,-6,3
MA,Morocco,ChIJ3Q-0RKaLnw0RKN5TjZmEYfE,2021-04-09,-15,41,-25,-19,-4,3
MA,Morocco,ChIJ3Q-0RKaLnw0RKN5TjZmEYfE,2021-04-10,-9,38,-15,-20,-1,3
MA,Morocco,ChIJ3Q-0RKaLnw0RKN5TjZmEYfE,2021-04-11,-8,28,-10,-11,-6,1
MA,Morocco,ChIJ3Q-0RKaLnw0RKN5TjZmEYfE,2021-04-12,-7,57,-13,-14,-5,2
MA,Morocco,ChIJ3Q-0RKaLnw0RKN5TjZmEYfE,2021-04-13,-8,58,-20,-22,-3,2
MA,Morocco,ChIJ3Q-0RKaLnw0RKN5TjZmEYfE,2021-04-14,-50,22,-43,-44,-19,11
MA,Morocco,ChIJ3Q-0RKaLnw0RKN5TjZmEYfE,2021-04-15,-48,30,-42,-45,-19,14
MA,Morocco,ChIJ3Q-0RKaLnw0RKN5TjZmEYfE,2021-04-16,-48,25,-43,-43,-16,14
MA,Morocco,ChIJ3Q-0RKaLnw0RKN5TjZmEYfE,2021-04-17,-44,17,-35,-44,-13,14
MA,Morocco,ChIJ3Q-0RKaLnw0RKN5TjZmEYfE,2021-04-18,-47,8,-32,-44,-26,14
MA,Morocco,ChIJ3Q-0RKaLnw0RKN5TjZmEYfE,2021-04-19,-41,34,-33,-36,-17,12
MA,Morocco,ChIJ3Q-0RKaLnw0RKN5TjZmEYfE,2021-04-20,-41,37,-34,-41,-15,12
MA,Morocco,ChIJ3Q-0RKaLnw0RKN5TjZmEYfE,2021-04-21,-41,36,-31,-35,-16,11
MA,Morocco,ChIJ3Q-0RKaLnw0RKN5TjZmEYfE,2021-04-22,-41,35,-33,-39,-17,12
MA,Morocco,ChIJ3Q-0RKaLnw0RKN5TjZmEYfE,2021-04-23,-43,28,-35,-36,-14,12
MA,Morocco,ChIJ3Q-0RKaLnw0RKN5TjZmEYfE,2021-04-24,-41,22,-32,-40,-13,12
MA,Morocco,ChIJ3Q-0RKaLnw0RKN5TjZmEYfE,2021-04-25,-44,10,-37,-44,-26,13
MA,Morocco,ChIJ3Q-0RKaLnw0RKN5TjZmEYfE,2021-04-26,-39,36,-32,-36,-18,11
MA,Morocco,ChIJ3Q-0RKaLnw0RKN5TjZmEYfE,2021-04-27,-39,35,-30,-40,-15,12
MA,Morocco,ChIJ3Q-0RKaLnw0RKN5TjZmEYfE,2021-04-28,-40,32,-28,-37,-17,11
MA,Morocco,ChIJ3Q-0RKaLnw0RKN5TjZmEYfE,2021-04-29,-39,41,-30,-39,-19,12
MA,Morocco,ChIJ3Q-0RKaLnw0RKN5TjZmEYfE,2021-04-30,-41,37,-39,-37,-16,12
MA,Morocco,ChIJ3Q-0RKaLnw0RKN5TjZmEYfE,2021-05-01,-36,35,-23,-39,-30,14
MA,Morocco,ChIJ3Q-0RKaLnw0RKN5TjZmEYfE,2021-05-02,-38,24,-22,-32,-22,11
MA,Morocco,ChIJ3Q-0RKaLnw0RKN5TjZmEYfE,2021-05-03,-33,51,-21,-30,-14,10
MA,Morocco,ChIJ3Q-0RKaLnw0RKN5TjZmEYfE,2021-05-04,-34,48,-25,-35,-12,10
MA,Morocco,ChIJ3Q-0RKaLnw0RKN5TjZmEYfE,2021-05-05,-36,44,-23,-32,-14,10
MA,Morocco,ChIJ3Q-0RKaLnw0RKN5TjZmEYfE,2021-05-06,-36,48,-25,-34,-15,12
MA,Morocco,ChIJ3Q-0RKaLnw0RKN5TjZmEYfE,2021-05-07,-38,39,-28,-31,-11,12
MA,Morocco,ChIJ3Q-0RKaLnw0RKN5TjZmEYfE,2021-05-08,-37,26,-29,-31,-11,12
MA,Morocco,ChIJ3Q-0RKaLnw0RKN5TjZmEYfE,2021-05-09,-33,32,-17,-25,-15,11
MA,Morocco,ChIJ3Q-0RKaLnw0RKN5TjZmEYfE,2021-05-10,-27,63,-10,-17,-26,10
MA,Morocco,ChIJ3Q-0RKaLnw0RKN5TjZmEYfE,2021-05-11,-22,72,-7,-17,-26,11
MA,Morocco,ChIJ3Q-0RKaLnw0RKN5TjZmEYfE,2021-05-12,-15,88,3,-7,-36,10
MA,Morocco,ChIJ3Q-0RKaLnw0RKN5TjZmEYfE,2021-05-13,-20,40,-13,-16,-69,11
MA,Morocco,ChIJ3Q-0RKaLnw0RKN5TjZmEYfE,2021-05-14,-14,39,-13,-21,-59,11
MA,Morocco,ChIJ3Q-0RKaLnw0RKN5TjZmEYfE,2021-05-15,-9,32,-14,-11,-38,6
MA,Morocco,ChIJ3Q-0RKaLnw0RKN5TjZmEYfE,2021-05-16,-12,18,-19,4,-18,2
MA,Morocco,ChIJ3Q-0RKaLnw0RKN5TjZmEYfE,2021-05-17,-6,56,-15,-8,-12,4
MA,Morocco,ChIJ3Q-0RKaLnw0RKN5TjZmEYfE,2021-05-18,-9,53,-16,-18,-8,5
MA,Morocco,ChIJ3Q-0RKaLnw0RKN5TjZmEYfE,2021-05-19,-10,53,-16,-18,-10,4
MA,Morocco,ChIJ3Q-0RKaLnw0RKN5TjZmEYfE,2021-05-20,-8,60,-16,-21,-9,6
MA,Morocco,ChIJ3Q-0RKaLnw0RKN5TjZmEYfE,2021-05-21,-4,56,-15,-18,-3,4
MA,Morocco,ChIJ3Q-0RKaLnw0RKN5TjZmEYfE,2021-05-22,-5,42,-17,-18,-1,4
MA,Morocco,ChIJ3Q-0RKaLnw0RKN5TjZmEYfE,2021-05-23,-5,31,-18,-23,-7,4
MA,Morocco,ChIJ3Q-0RKaLnw0RKN5TjZmEYfE,2021-05-24,-1,60,-9,-10,-7,4
MA,Morocco,ChIJ3Q-0RKaLnw0RKN5TjZmEYfE,2021-05-25,-2,58,-10,-18,-6,4
MA,Morocco,ChIJ3Q-0RKaLnw0RKN5TjZmEYfE,2021-05-26,-1,61,-10,-14,-8,3
MA,Morocco,ChIJ3Q-0RKaLnw0RKN5TjZmEYfE,2021-05-27,0,73,-9,-17,-11,4
MA,Morocco,ChIJ3Q-0RKaLnw0RKN5TjZmEYfE,2021-05-28,2,69,-12,-13,-7,3
MA,Morocco,ChIJ3Q-0RKaLnw0RKN5TjZmEYfE,2021-05-29,3,59,-14,-16,-5,3
MA,Morocco,ChIJ3Q-0RKaLnw0RKN5TjZmEYfE,2021-05-30,-2,40,-15,-16,-13,3
MA,Morocco,ChIJ3Q-0RKaLnw0RKN5TjZmEYfE,2021-05-31,5,78,-4,-10,-11,2
MA,Morocco,ChIJ3Q-0RKaLnw0RKN5TjZmEYfE,2021-06-01,8,80,-6,-14,-9,2
MA,Morocco,ChIJ3Q-0RKaLnw0RKN5TjZmEYfE,2021-06-02,6,75,-2,-7,-10,3
MA,Morocco,ChIJ3Q-0RKaLnw0RKN5TjZmEYfE,2021-06-03,4,78,-6,-11,-11,3
MA,Morocco,ChIJ3Q-0RKaLnw0RKN5TjZmEYfE,2021-06-04,4,72,-8,-10,-7,3
MA,Morocco,ChIJ3Q-0RKaLnw0RKN5TjZmEYfE,2021-06-05,6,63,-5,-10,-4,3
MA,Morocco,ChIJ3Q-0RKaLnw0RKN5TjZmEYfE,2021-06-06,0,41,-10,-9,-11,2
MA,Morocco,ChIJ3Q-0RKaLnw0RKN5TjZmEYfE,2021-06-07,5,76,-4,-7,-11,2
MA,Morocco,ChIJ3Q-0RKaLnw0RKN5TjZmEYfE,2021-06-08,5,71,-6,-14,-9,2
MA,Morocco,ChIJ3Q-0RKaLnw0RKN5TjZmEYfE,2021-06-09,4,68,-3,-8,-11,1
MA,Morocco,ChIJ3Q-0RKaLnw0RKN5TjZmEYfE,2021-06-10,4,70,-5,-12,-12,3
MA,Morocco,ChIJ3Q-0RKaLnw0RKN5TjZmEYfE,2021-06-11,0,61,-9,-12,-8,3
MA,Morocco,ChIJ3Q-0RKaLnw0RKN5TjZmEYfE,2021-06-12,-2,54,-10,-16,-7,2
MA,Morocco,ChIJ3Q-0RKaLnw0RKN5TjZmEYfE,2021-06-13,-3,35,-14,-12,-16,2
MA,Morocco,ChIJ3Q-0RKaLnw0RKN5TjZmEYfE,2021-06-14,4,69,-5,-12,-14,1
MA,Morocco,ChIJ3Q-0RKaLnw0RKN5TjZmEYfE,2021-06-15,3,67,-10,-4,-12,2
MA,Morocco,ChIJ3Q-0RKaLnw0RKN5TjZmEYfE,2021-06-16,2,66,-6,0,-16,1
MA,Morocco,ChIJ3Q-0RKaLnw0RKN5TjZmEYfE,2021-06-17,0,69,-11,-8,-18,2
MA,Morocco,ChIJ3Q-0RKaLnw0RKN5TjZmEYfE,2021-06-18,-4,56,-16,-7,-15,2
MA,Morocco,ChIJ3Q-0RKaLnw0RKN5TjZmEYfE,2021-06-19,-2,51,-12,-7,-10,2
MA,Morocco,ChIJ3Q-0RKaLnw0RKN5TjZmEYfE,2021-06-20,-5,31,-16,-6,-20,2
MA,Morocco,ChIJ3Q-0RKaLnw0RKN5TjZmEYfE,2021-06-21,3,64,-7,-5,-20,1
MA,Morocco,ChIJ3Q-0RKaLnw0RKN5TjZmEYfE,2021-06-22,3,63,-6,-5,-17,1
MA,Morocco,ChIJ3Q-0RKaLnw0RKN5TjZmEYfE,2021-06-23,2,66,-5,5,-20,1
MA,Morocco,ChIJ3Q-0RKaLnw0RKN5TjZmEYfE,2021-06-24,2,67,-6,-6,-21,2
MA,Morocco,ChIJ3Q-0RKaLnw0RKN5TjZmEYfE,2021-06-25,0,61,-11,-3,-18,2
MA,Morocco,ChIJ3Q-0RKaLnw0RKN5TjZmEYfE,2021-06-26,-2,51,-11,-5,-13,2
MA,Morocco,ChIJ3Q-0RKaLnw0RKN5TjZmEYfE,2021-06-27,-4,34,-11,-3,-19,1
MA,Morocco,ChIJ3Q-0RKaLnw0RKN5TjZmEYfE,2021-06-28,8,73,1,1,-20,0
MA,Morocco,ChIJ3Q-0RKaLnw0RKN5TjZmEYfE,2021-06-29,4,68,-7,-2,-19,0
MA,Morocco,ChIJ3Q-0RKaLnw0RKN5TjZmEYfE,2021-06-30,7,75,0,7,-19,0
MA,Morocco,ChIJ3Q-0RKaLnw0RKN5TjZmEYfE,2021-07-01,10,85,0,5,-20,1
MA,Morocco,ChIJ3Q-0RKaLnw0RKN5TjZmEYfE,2021-07-02,6,70,-8,5,-16,2
MA,Morocco,ChIJ3Q-0RKaLnw0RKN5TjZmEYfE,2021-07-03,4,64,-7,2,-10,1
MA,Morocco,ChIJ3Q-0RKaLnw0RKN5TjZmEYfE,2021-07-04,1,52,-9,5,-16,0
MA,Morocco,ChIJ3Q-0RKaLnw0RKN5TjZmEYfE,2021-07-05,11,83,7,7,-20,-1
MA,Morocco,ChIJ3Q-0RKaLnw0RKN5TjZmEYfE,2021-07-06,11,75,0,2,-19,0
MA,Morocco,ChIJ3Q-0RKaLnw0RKN5TjZmEYfE,2021-07-07,10,79,3,10,-21,0
MA,Morocco,ChIJ3Q-0RKaLnw0RKN5TjZmEYfE,2021-07-08,9,80,1,7,-22,1
MA,Morocco,ChIJ3Q-0RKaLnw0RKN5TjZmEYfE,2021-07-09,4,71,-5,6,-17,1
MA,Morocco,ChIJ3Q-0RKaLnw0RKN5TjZmEYfE,2021-07-10,1,57,-8,5,-9,0
MA,Morocco,ChIJ3Q-0RKaLnw0RKN5TjZmEYfE,2021-07-11,0,42,-16,8,-12,0
MA,Morocco,ChIJ3Q-0RKaLnw0RKN5TjZmEYfE,2021-07-12,16,91,13,19,-20,0
MA,Morocco,ChIJ3Q-0RKaLnw0RKN5TjZmEYfE,2021-07-13,17,89,9,15,-18,0
MA,Morocco,ChIJ3Q-0RKaLnw0RKN5TjZmEYfE,2021-07-14,14,90,12,20,-21,1
MA,Morocco,ChIJ3Q-0RKaLnw0RKN5TjZmEYfE,2021-07-15,15,96,9,14,-21,1
MA,Morocco,ChIJ3Q-0RKaLnw0RKN5TjZmEYfE,2021-07-16,14,89,5,16,-16,0
MA,Morocco,ChIJ3Q-0RKaLnw0RKN5TjZmEYfE,2021-07-17,13,83,5,23,-9,0
MA,Morocco,ChIJ3Q-0RKaLnw0RKN5TjZmEYfE,2021-07-18,17,83,9,26,-5,0
MA,Morocco,ChIJ3Q-0RKaLnw0RKN5TjZmEYfE,2021-07-19,29,133,33,32,-33,1
MA,Morocco,ChIJ3Q-0RKaLnw0RKN5TjZmEYfE,2021-07-20,30,144,32,30,-41,2
MA,Morocco,ChIJ3Q-0RKaLnw0RKN5TjZmEYfE,2021-07-21,-27,36,-23,-12,-77,14
MA,Morocco,ChIJ3Q-0RKaLnw0RKN5TjZmEYfE,2021-07-22,-4,62,-11,-1,-70,9
MA,Morocco,ChIJ3Q-0RKaLnw0RKN5TjZmEYfE,2021-07-23,-2,65,-7,13,-51,5
MA,Morocco,ChIJ3Q-0RKaLnw0RKN5TjZmEYfE,2021-07-24,-6,51,-9,14,-42,5
MA,Morocco,ChIJ3Q-0RKaLnw0RKN5TjZmEYfE,2021-07-25,-2,41,-10,33,-27,1
MA,Morocco,ChIJ3Q-0RKaLnw0RKN5TjZmEYfE,2021-07-26,11,84,11,25,-37,2
MA,Morocco,ChIJ3Q-0RKaLnw0RKN5TjZmEYfE,2021-07-27,8,79,4,20,-36,2
MA,Morocco,ChIJ3Q-0RKaLnw0RKN5TjZmEYfE,2021-07-28,6,78,2,23,-36,2
MA,Morocco,ChIJ3Q-0RKaLnw0RKN5TjZmEYfE,2021-07-29,5,83,1,15,-37,3
MA,Morocco,ChIJ3Q-0RKaLnw0RKN5TjZmEYfE,2021-07-30,-2,65,-11,12,-48,8
MA,Morocco,ChIJ3Q-0RKaLnw0RKN5TjZmEYfE,2021-07-31,-4,58,-11,7,-27,4
MA,Morocco,ChIJ3Q-0RKaLnw0RKN5TjZmEYfE,2021-08-01,-3,44,-11,18,-21,1
MA,Morocco,ChIJ3Q-0RKaLnw0RKN5TjZmEYfE,2021-08-02,11,86,11,18,-34,2
MA,Morocco,ChIJ3Q-0RKaLnw0RKN5TjZmEYfE,2021-08-03,2,76,-1,14,-35,5
MA,Morocco,ChIJ3Q-0RKaLnw0RKN5TjZmEYfE,2021-08-04,0,75,-2,17,-35,5
MA,Morocco,ChIJ3Q-0RKaLnw0RKN5TjZmEYfE,2021-08-05,1,77,-4,5,-36,6
MA,Morocco,ChIJ3Q-0RKaLnw0RKN5TjZmEYfE,2021-08-06,-6,66,-11,7,-33,7
MA,Morocco,ChIJ3Q-0RKaLnw0RKN5TjZmEYfE,2021-08-07,-9,54,-14,2,-23,6
MA,Morocco,ChIJ3Q-0RKaLnw0RKN5TjZmEYfE,2021-08-08,-9,41,-13,6,-20,4
MA,Morocco,ChIJ3Q-0RKaLnw0RKN5TjZmEYfE,2021-08-09,4,79,2,9,-37,4
MA,Morocco,ChIJ3Q-0RKaLnw0RKN5TjZmEYfE,2021-08-10,0,72,-3,4,-47,7
MA,Morocco,ChIJ3Q-0RKaLnw0RKN5TjZmEYfE,2021-08-11,0,76,0,19,-35,4
MA,Morocco,ChIJ3Q-0RKaLnw0RKN5TjZmEYfE,2021-08-12,-2,74,-6,1,-37,5
MA,Morocco,ChIJ3Q-0RKaLnw0RKN5TjZmEYfE,2021-08-13,-10,62,-15,4,-34,6
MA,Morocco,ChIJ3Q-0RKaLnw0RKN5TjZmEYfE,2021-08-14,-15,43,-22,-2,-25,5
MA,Morocco,ChIJ3Q-0RKaLnw0RKN5TjZmEYfE,2021-08-15,-14,31,-24,6,-19,3
MA,Morocco,ChIJ3Q-0RKaLnw0RKN5TjZmEYfE,2021-08-16,1,73,-4,8,-36,3
MA,Morocco,ChIJ3Q-0RKaLnw0RKN5TjZmEYfE,2021-08-17,1,77,-4,6,-35,4
MA,Morocco,ChIJ3Q-0RKaLnw0RKN5TjZmEYfE,2021-08-18,-2,70,-3,15,-32,4
MA,Morocco,ChIJ3Q-0RKaLnw0RKN5TjZmEYfE,2021-08-19,-2,73,-1,8,-35,5
MA,Morocco,ChIJ3Q-0RKaLnw0RKN5TjZmEYfE,2021-08-20,-7,57,-14,4,-43,8
MA,Morocco,ChIJ3Q-0RKaLnw0RKN5TjZmEYfE,2021-08-21,-9,48,-14,0,-26,5
MA,Morocco,ChIJ3Q-0RKaLnw0RKN5TjZmEYfE,2021-08-22,-9,32,-15,13,-15,2
MA,Morocco,ChIJ3Q-0RKaLnw0RKN5TjZmEYfE,2021-08-23,3,75,-3,10,-32,4
MA,Morocco,ChIJ3Q-0RKaLnw0RKN5TjZmEYfE,2021-08-24,3,72,-3,4,-31,4
MA,Morocco,ChIJ3Q-0RKaLnw0RKN5TjZmEYfE,2021-08-25,2,73,0,16,-31,4
MA,Morocco,ChIJ3Q-0RKaLnw0RKN5TjZmEYfE,2021-08-26,2,74,-6,4,-32,5
MA,Morocco,ChIJ3Q-0RKaLnw0RKN5TjZmEYfE,2021-08-27,-2,61,-11,5,-29,6
MA,Morocco,ChIJ3Q-0RKaLnw0RKN5TjZmEYfE,2021-08-28,-4,50,-12,3,-17,5
MA,Morocco,ChIJ3Q-0RKaLnw0RKN5TjZmEYfE,2021-08-29,-5,38,-14,6,-15,3
MA,Morocco,ChIJ3Q-0RKaLnw0RKN5TjZmEYfE,2021-08-30,7,80,2,9,-30,4
MA,Morocco,ChIJ3Q-0RKaLnw0RKN5TjZmEYfE,2021-08-31,8,77,-2,9,-27,4
MA,Morocco,ChIJ3Q-0RKaLnw0RKN5TjZmEYfE,2021-09-01,9,81,1,20,-26,3
MA,Morocco,ChIJ3Q-0RKaLnw0RKN5TjZmEYfE,2021-09-02,9,87,0,7,-27,5
MA,Morocco,ChIJ3Q-0RKaLnw0RKN5TjZmEYfE,2021-09-03,3,78,-6,7,-23,5
MA,Morocco,ChIJ3Q-0RKaLnw0RKN5TjZmEYfE,2021-09-04,3,63,-10,6,-14,5
MA,Morocco,ChIJ3Q-0RKaLnw0RKN5TjZmEYfE,2021-09-05,0,43,-14,11,-13,3
MA,Morocco,ChIJ3Q-0RKaLnw0RKN5TjZmEYfE,2021-09-06,12,86,0,9,-24,3
MA,Morocco,ChIJ3Q-0RKaLnw0RKN5TjZmEYfE,2021-09-07,9,80,-1,3,-22,4
MA,Morocco,ChIJ3Q-0RKaLnw0RKN5TjZmEYfE,2021-09-08,5,77,-2,8,-25,4
MA,Morocco,ChIJ3Q-0RKaLnw0RKN5TjZmEYfE,2021-09-09,7,80,-2,1,-26,6
MA,Morocco,ChIJ3Q-0RKaLnw0RKN5TjZmEYfE,2021-09-10,3,70,-9,4,-21,7
MA,Morocco,ChIJ3Q-0RKaLnw0RKN5TjZmEYfE,2021-09-11,2,58,-10,3,-12,6
MA,Morocco,ChIJ3Q-0RKaLnw0RKN5TjZmEYfE,2021-09-12,-2,36,-17,3,-12,5
MA,Morocco,ChIJ3Q-0RKaLnw0RKN5TjZmEYfE,2021-09-13,14,85,4,7,-23,4
MA,Morocco,ChIJ3Q-0RKaLnw0RKN5TjZmEYfE,2021-09-14,13,81,-2,1,-22,5
MA,Morocco,ChIJ3Q-0RKaLnw0RKN5TjZmEYfE,2021-09-15,10,81,2,10,-23,5
MA,Morocco,ChIJ3Q-0RKaLnw0RKN5TjZmEYfE,2021-09-16,9,77,-2,3,-25,6
MA,Morocco,ChIJ3Q-0RKaLnw0RKN5TjZmEYfE,2021-09-17,4,72,-7,7,-21,6
MA,Morocco,ChIJ3Q-0RKaLnw0RKN5TjZmEYfE,2021-09-18,3,59,-7,-2,-13,6
MA,Morocco,ChIJ3Q-0RKaLnw0RKN5TjZmEYfE,2021-09-19,1,37,-10,-2,-13,5
MA,Morocco,ChIJ3Q-0RKaLnw0RKN5TjZmEYfE,2021-09-20,12,82,3,5,-24,4
MA,Morocco,ChIJ3Q-0RKaLnw0RKN5TjZmEYfE,2021-09-21,10,80,-2,0,-22,5
MA,Morocco,ChIJ3Q-0RKaLnw0RKN5TjZmEYfE,2021-09-22,7,78,2,6,-20,5
MA,Morocco,ChIJ3Q-0RKaLnw0RKN5TjZmEYfE,2021-09-23,9,85,0,0,-22,5
MA,Morocco,ChIJ3Q-0RKaLnw0RKN5TjZmEYfE,2021-09-24,3,68,-8,1,-19,6
MA,Morocco,ChIJ3Q-0RKaLnw0RKN5TjZmEYfE,2021-09-25,3,62,-8,-2,-12,6
MA,Morocco,ChIJ3Q-0RKaLnw0RKN5TjZmEYfE,2021-09-26,3,43,-8,-2,-11,4
MA,Morocco,ChIJ3Q-0RKaLnw0RKN5TjZmEYfE,2021-09-27,11,83,3,4,-21,4
MA,Morocco,ChIJ3Q-0RKaLnw0RKN5TjZmEYfE,2021-09-28,11,79,-2,0,-21,4
MA,Morocco,ChIJ3Q-0RKaLnw0RKN5TjZmEYfE,2021-09-29,10,83,1,5,-21,4
MA,Morocco,ChIJ3Q-0RKaLnw0RKN5TjZmEYfE,2021-09-30,13,92,-1,4,-21,4
MA,Morocco,ChIJ3Q-0RKaLnw0RKN5TjZmEYfE,2021-10-01,14,87,-3,4,-15,3
MA,Morocco,ChIJ3Q-0RKaLnw0RKN5TjZmEYfE,2021-10-02,13,78,-1,4,-8,3
MA,Morocco,ChIJ3Q-0RKaLnw0RKN5TjZmEYfE,2021-10-03,14,62,-1,5,-11,4
MA,Morocco,ChIJ3Q-0RKaLnw0RKN5TjZmEYfE,2021-10-04,21,99,10,11,-19,0
MA,Morocco,ChIJ3Q-0RKaLnw0RKN5TjZmEYfE,2021-10-05,17,88,2,4,-18,2
MA,Morocco,ChIJ3Q-0RKaLnw0RKN5TjZmEYfE,2021-10-06,14,83,1,7,-18,2
MA,Morocco,ChIJ3Q-0RKaLnw0RKN5TjZmEYfE,2021-10-07,13,88,0,-2,-19,3
MA,Morocco,ChIJ3Q-0RKaLnw0RKN5TjZmEYfE,2021-10-08,11,84,-4,4,-13,3
MA,Morocco,ChIJ3Q-0RKaLnw0RKN5TjZmEYfE,2021-10-09,12,73,-2,4,-7,4
MA,Morocco,ChIJ3Q-0RKaLnw0RKN5TjZmEYfE,2021-10-10,12,52,1,8,-8,4
MA,Morocco,ChIJ3Q-0RKaLnw0RKN5TjZmEYfE,2021-10-11,18,89,8,12,-16,1
MA,Morocco,ChIJ3Q-0RKaLnw0RKN5TjZmEYfE,2021-10-12,17,85,3,6,-14,1
MA,Morocco,ChIJ3Q-0RKaLnw0RKN5TjZmEYfE,2021-10-13,17,88,9,9,-14,2
MA,Morocco,ChIJ3Q-0RKaLnw0RKN5TjZmEYfE,2021-10-14,14,88,4,2,-14,2
MA,Morocco,ChIJ3Q-0RKaLnw0RKN5TjZmEYfE,2021-10-15,12,84,1,10,-10,3
MA,Morocco,ChIJ3Q-0RKaLnw0RKN5TjZmEYfE,2021-10-16,13,74,0,9,-4,4
MA,Morocco,ChIJ3Q-0RKaLnw0RKN5TjZmEYfE,2021-10-17,13,55,4,6,-7,5
MA,Morocco,ChIJ3Q-0RKaLnw0RKN5TjZmEYfE,2021-10-18,25,100,21,19,-17,1
MA,Morocco,ChIJ3Q-0RKaLnw0RKN5TjZmEYfE,2021-10-19,17,77,7,-2,-52,9
MA,Morocco,ChIJ3Q-0RKaLnw0RKN5TjZmEYfE,2021-10-20,17,87,8,18,-37,6
MA,Morocco,ChIJ3Q-0RKaLnw0RKN5TjZmEYfE,2021-10-21,14,90,9,6,-13,2
MA,Morocco,ChIJ3Q-0RKaLnw0RKN5TjZmEYfE,2021-10-22,11,82,2,4,-6,3
MA,Morocco,ChIJ3Q-0RKaLnw0RKN5TjZmEYfE,2021-10-23,12,72,0,1,-2,4
MA,Morocco,ChIJ3Q-0RKaLnw0RKN5TjZmEYfE,2021-10-24,10,49,-2,5,-9,5
MA,Morocco,ChIJ3Q-0RKaLnw0RKN5TjZmEYfE,2021-10-25,13,82,9,5,-9,2
MA,Morocco,ChIJ3Q-0RKaLnw0RKN5TjZmEYfE,2021-10-26,14,81,6,4,-6,2
MA,Morocco,ChIJ3Q-0RKaLnw0RKN5TjZmEYfE,2021-10-27,13,81,12,5,-6,2
MA,Morocco,ChIJ3Q-0RKaLnw0RKN5TjZmEYfE,2021-10-28,14,89,5,5,-7,3
MA,Morocco,ChIJ3Q-0RKaLnw0RKN5TjZmEYfE,2021-10-29,12,85,1,5,-2,3
MA,Morocco,ChIJ3Q-0RKaLnw0RKN5TjZmEYfE,2021-10-30,15,76,2,6,1,4
MA,Morocco,ChIJ3Q-0RKaLnw0RKN5TjZmEYfE,2021-10-31,14,55,6,11,-9,4
MA,Morocco,ChIJ3Q-0RKaLnw0RKN5TjZmEYfE,2021-11-01,19,91,11,11,-7,1
MA,Morocco,ChIJ3Q-0RKaLnw0RKN5TjZmEYfE,2021-11-02,17,88,5,4,-3,1
MA,Morocco,ChIJ3Q-0RKaLnw0RKN5TjZmEYfE,2021-11-03,13,84,0,-2,-4,2
MA,Morocco,ChIJ3Q-0RKaLnw0RKN5TjZmEYfE,2021-11-04,16,95,4,-2,-3,3
MA,Morocco,ChIJ3Q-0RKaLnw0RKN5TjZmEYfE,2021-11-05,16,93,2,14,2,3
MA,Morocco,ChIJ3Q-0RKaLnw0RKN5TjZmEYfE,2021-11-06,16,82,3,4,-17,7
MA,Morocco,ChIJ3Q-0RKaLnw0RKN5TjZmEYfE,2021-11-07,14,63,6,14,-11,5
MA,Morocco,ChIJ3Q-0RKaLnw0RKN5TjZmEYfE,2021-11-08,16,92,8,9,-2,3
MA,Morocco,ChIJ3Q-0RKaLnw0RKN5TjZmEYfE,2021-11-09,15,88,3,1,0,3
MA,Morocco,ChIJ3Q-0RKaLnw0RKN5TjZmEYfE,2021-11-10,16,90,8,7,0,2
MA,Morocco,ChIJ3Q-0RKaLnw0RKN5TjZmEYfE,2021-11-11,16,96,4,4,-3,3
MA,Morocco,ChIJ3Q-0RKaLnw0RKN5TjZmEYfE,2021-11-12,14,86,3,12,3,3
MA,Morocco,ChIJ3Q-0RKaLnw0RKN5TjZmEYfE,2021-11-13,15,83,4,12,4,3
MA,Morocco,ChIJ3Q-0RKaLnw0RKN5TjZmEYfE,2021-11-14,15,63,7,20,-11,3
MA,Morocco,ChIJ3Q-0RKaLnw0RKN5TjZmEYfE,2021-11-15,21,96,19,14,-14,2
MA,Morocco,ChIJ3Q-0RKaLnw0RKN5TjZmEYfE,2021-11-16,22,94,19,12,-12,2
MA,Morocco,ChIJ3Q-0RKaLnw0RKN5TjZmEYfE,2021-11-17,22,100,22,18,-13,1
MA,Morocco,ChIJ3Q-0RKaLnw0RKN5TjZmEYfE,2021-11-18,25,106,18,3,-40,7
MA,Morocco,ChIJ3Q-0RKaLnw0RKN5TjZmEYfE,2021-11-19,21,96,12,17,-13,3
MA,Morocco,ChIJ3Q-0RKaLnw0RKN5TjZmEYfE,2021-11-20,20,83,11,9,-5,3
MA,Morocco,ChIJ3Q-0RKaLnw0RKN5TjZmEYfE,2021-11-21,13,58,3,25,-11,4
MA,Morocco,ChIJ3Q-0RKaLnw0RKN5TjZmEYfE,2021-11-22,17,91,9,10,2,2
MA,Morocco,ChIJ3Q-0RKaLnw0RKN5TjZmEYfE,2021-11-23,8,71,-10,-4,3,3
MA,Morocco,ChIJ3Q-0RKaLnw0RKN5TjZmEYfE,2021-11-24,9,78,-8,-1,3,4
MA,Morocco,ChIJ3Q-0RKaLnw0RKN5TjZmEYfE,2021-11-25,14,92,-2,9,2,4
MA,Morocco,ChIJ3Q-0RKaLnw0RKN5TjZmEYfE,2021-11-26,11,83,-11,21,6,5
MA,Morocco,ChIJ3Q-0RKaLnw0RKN5TjZmEYfE,2021-11-27,15,79,-2,10,9,5
MA,Morocco,ChIJ3Q-0RKaLnw0RKN5TjZmEYfE,2021-11-28,14,62,-3,14,-8,7
MA,Morocco,ChIJ3Q-0RKaLnw0RKN5TjZmEYfE,2021-11-29,16,89,5,21,4,3
MA,Morocco,ChIJ3Q-0RKaLnw0RKN5TjZmEYfE,2021-11-30,16,89,2,1,6,2
MA,Morocco,ChIJ3Q-0RKaLnw0RKN5TjZmEYfE,2021-12-01,16,89,6,5,4,2
MA,Morocco,ChIJ3Q-0RKaLnw0RKN5TjZmEYfE,2021-12-02,4,73,-19,-5,1,7
MA,Morocco,ChIJ3Q-0RKaLnw0RKN5TjZmEYfE,2021-12-03,17,96,3,11,10,5
MA,Morocco,ChIJ3Q-0RKaLnw0RKN5TjZmEYfE,2021-12-04,18,83,4,-1,8,5
MA,Morocco,ChIJ3Q-0RKaLnw0RKN5TjZmEYfE,2021-12-05,15,65,4,3,-11,6
MA,Morocco,ChIJ3Q-0RKaLnw0RKN5TjZmEYfE,2021-12-06,14,90,6,6,4,4
MA,Morocco,ChIJ3Q-0RKaLnw0RKN5TjZmEYfE,2021-12-07,14,81,-3,-2,10,3
MA,Morocco,ChIJ3Q-0RKaLnw0RKN5TjZmEYfE,2021-12-08,12,81,-5,3,10,3
MA,Morocco,ChIJ3Q-0RKaLnw0RKN5TjZmEYfE,2021-12-09,13,90,-1,-2,10,5
MA,Morocco,ChIJ3Q-0RKaLnw0RKN5TjZmEYfE,2021-12-10,9,76,-11,8,13,5
MA,Morocco,ChIJ3Q-0RKaLnw0RKN5TjZmEYfE,2021-12-11,14,67,-8,-5,15,4
MA,Morocco,ChIJ3Q-0RKaLnw0RKN5TjZmEYfE,2021-12-12,10,59,-6,-2,-5,7
MA,Morocco,ChIJ3Q-0RKaLnw0RKN5TjZmEYfE,2021-12-13,10,81,-5,1,9,5
MA,Morocco,ChIJ3Q-0RKaLnw0RKN5TjZmEYfE,2021-12-14,8,74,-9,-11,12,5
MA,Morocco,ChIJ3Q-0RKaLnw0RKN5TjZmEYfE,2021-12-15,7,71,-7,-3,10,4
MA,Morocco,ChIJ3Q-0RKaLnw0RKN5TjZmEYfE,2021-12-16,5,77,-12,-8,10,6
MA,Morocco,ChIJ3Q-0RKaLnw0RKN5TjZmEYfE,2021-12-17,6,73,-12,-3,13,5
MA,Morocco,ChIJ3Q-0RKaLnw0RKN5TjZmEYfE,2021-12-18,7,63,-11,-8,14,7
MA,Morocco,ChIJ3Q-0RKaLnw0RKN5TjZmEYfE,2021-12-19,7,55,-7,-6,-6,7
MA,Morocco,ChIJ3Q-0RKaLnw0RKN5TjZmEYfE,2021-12-20,9,82,-3,2,9,5
MA,Morocco,ChIJ3Q-0RKaLnw0RKN5TjZmEYfE,2021-12-21,10,80,-5,-8,12,4
MA,Morocco,ChIJ3Q-0RKaLnw0RKN5TjZmEYfE,2021-12-22,0,60,-20,-8,9,6
MA,Morocco,ChIJ3Q-0RKaLnw0RKN5TjZmEYfE,2021-12-23,11,87,-8,-1,9,6
MA,Morocco,ChIJ3Q-0RKaLnw0RKN5TjZmEYfE,2021-12-24,9,79,-8,6,13,6
MA,Morocco,ChIJ3Q-0RKaLnw0RKN5TjZmEYfE,2021-12-25,2,54,-21,0,8,9
MA,Morocco,ChIJ3Q-0RKaLnw0RKN5TjZmEYfE,2021-12-26,13,64,1,6,-5,6
MA,Morocco,ChIJ3Q-0RKaLnw0RKN5TjZmEYfE,2021-12-27,19,94,12,16,-10,6
MA,Morocco,ChIJ3Q-0RKaLnw0RKN5TjZmEYfE,2021-12-28,20,93,10,7,-9,5
MA,Morocco,ChIJ3Q-0RKaLnw0RKN5TjZmEYfE,2021-12-29,19,96,16,16,-12,5
MA,Morocco,ChIJ3Q-0RKaLnw0RKN5TjZmEYfE,2021-12-30,21,107,16,14,-14,6
MA,Morocco,ChIJ3Q-0RKaLnw0RKN5TjZmEYfE,2021-12-31,21,100,9,16,-13,6
MA,Morocco,ChIJTxlXcl7urw0RPqRAGHBidDE,2021-01-01,-48,1,-60,-27,-50,20
MA,Morocco,ChIJTxlXcl7urw0RPqRAGHBidDE,2021-01-02,-46,1,-57,-21,-25,15
MA,Morocco,ChIJTxlXcl7urw0RPqRAGHBidDE,2021-01-03,-46,-3,-59,-26,-23,13
MA,Morocco,ChIJTxlXcl7urw0RPqRAGHBidDE,2021-01-04,-40,12,-50,-10,-19,12
MA,Morocco,ChIJTxlXcl7urw0RPqRAGHBidDE,2021-01-05,-40,12,-50,-8,-20,13
MA,Morocco,ChIJTxlXcl7urw0RPqRAGHBidDE,2021-01-06,-41,9,-50,-11,-17,14
MA,Morocco,ChIJTxlXcl7urw0RPqRAGHBidDE,2021-01-07,-42,8,-55,-18,-18,14
MA,Morocco,ChIJTxlXcl7urw0RPqRAGHBidDE,2021-01-08,-47,-1,-64,-21,-16,15
MA,Morocco,ChIJTxlXcl7urw0RPqRAGHBidDE,2021-01-09,-48,-4,-66,-22,-19,15
MA,Morocco,ChIJTxlXcl7urw0RPqRAGHBidDE,2021-01-10,-52,-20,-71,-35,-30,16
MA,Morocco,ChIJTxlXcl7urw0RPqRAGHBidDE,2021-01-11,-40,6,-55,-14,-49,18
MA,Morocco,ChIJTxlXcl7urw0RPqRAGHBidDE,2021-01-12,-39,5,-50,-7,-19,11
MA,Morocco,ChIJTxlXcl7urw0RPqRAGHBidDE,2021-01-13,-42,0,-52,-15,-19,10
MA,Morocco,ChIJTxlXcl7urw0RPqRAGHBidDE,2021-01-14,-43,-2,-59,-25,-24,10
MA,Morocco,ChIJTxlXcl7urw0RPqRAGHBidDE,2021-01-15,-48,-9,-67,-29,-24,10
MA,Morocco,ChIJTxlXcl7urw0RPqRAGHBidDE,2021-01-16,-48,-12,-64,-31,-28,10
MA,Morocco,ChIJTxlXcl7urw0RPqRAGHBidDE,2021-01-17,-47,-17,-62,-36,-34,9
MA,Morocco,ChIJTxlXcl7urw0RPqRAGHBidDE,2021-01-18,-43,-5,-58,-22,-26,10
MA,Morocco,ChIJTxlXcl7urw0RPqRAGHBidDE,2021-01-19,-42,-4,-57,-20,-27,10
MA,Morocco,ChIJTxlXcl7urw0RPqRAGHBidDE,2021-01-20,-43,-5,-59,-19,-23,11
MA,Morocco,ChIJTxlXcl7urw0RPqRAGHBidDE,2021-01-21,-42,0,-57,-23,-25,11
MA,Morocco,ChIJTxlXcl7urw0RPqRAGHBidDE,2021-01-22,-44,-4,-66,-23,-23,10
MA,Morocco,ChIJTxlXcl7urw0RPqRAGHBidDE,2021-01-23,-45,-8,-62,-24,-27,10
MA,Morocco,ChIJTxlXcl7urw0RPqRAGHBidDE,2021-01-24,-43,-14,-60,-29,-30,8
MA,Morocco,ChIJTxlXcl7urw0RPqRAGHBidDE,2021-01-25,-37,2,-50,-12,-34,9
MA,Morocco,ChIJTxlXcl7urw0RPqRAGHBidDE,2021-01-26,-36,2,-48,-14,-35,9
MA,Morocco,ChIJTxlXcl7urw0RPqRAGHBidDE,2021-01-27,-36,2,-48,-15,-33,10
MA,Morocco,ChIJTxlXcl7urw0RPqRAGHBidDE,2021-01-28,-36,6,-46,-19,-35,9
MA,Morocco,ChIJTxlXcl7urw0RPqRAGHBidDE,2021-01-29,-39,9,-55,-18,-32,8
MA,Morocco,ChIJTxlXcl7urw0RPqRAGHBidDE,2021-01-30,-40,3,-55,-20,-31,7
MA,Morocco,ChIJTxlXcl7urw0RPqRAGHBidDE,2021-01-31,-41,-1,-57,-27,-29,5
MA,Morocco,ChIJTxlXcl7urw0RPqRAGHBidDE,2021-02-01,-38,12,-54,-14,-23,6
MA,Morocco,ChIJTxlXcl7urw0RPqRAGHBidDE,2021-02-02,-37,12,-53,-16,-23,7
MA,Morocco,ChIJTxlXcl7urw0RPqRAGHBidDE,2021-02-03,-39,6,-56,-21,-21,8
MA,Morocco,ChIJTxlXcl7urw0RPqRAGHBidDE,2021-02-04,-40,9,-58,-28,-23,7
MA,Morocco,ChIJTxlXcl7urw0RPqRAGHBidDE,2021-02-05,-42,6,-64,-28,-19,8
MA,Morocco,ChIJTxlXcl7urw0RPqRAGHBidDE,2021-02-06,-45,-5,-64,-31,-24,10
MA,Morocco,ChIJTxlXcl7urw0RPqRAGHBidDE,2021-02-07,-43,-3,-59,-35,-28,8
MA,Morocco,ChIJTxlXcl7urw0RPqRAGHBidDE,2021-02-08,-38,12,-55,-20,-23,7
MA,Morocco,ChIJTxlXcl7urw0RPqRAGHBidDE,2021-02-09,-36,12,-52,-17,-22,8
MA,Morocco,ChIJTxlXcl7urw0RPqRAGHBidDE,2021-02-10,-36,12,-54,-18,-20,8
MA,Morocco,ChIJTxlXcl7urw0RPqRAGHBidDE,2021-02-11,-37,13,-56,-27,-20,8
MA,Morocco,ChIJTxlXcl7urw0RPqRAGHBidDE,2021-02-12,-40,9,-63,-28,-18,8
MA,Morocco,ChIJTxlXcl7urw0RPqRAGHBidDE,2021-02-13,-38,5,-60,-30,-23,7
MA,Morocco,ChIJTxlXcl7urw0RPqRAGHBidDE,2021-02-14,-37,-1,-57,-36,-25,5
MA,Morocco,ChIJTxlXcl7urw0RPqRAGHBidDE,2021-02-15,-36,13,-56,-23,-21,6
MA,Morocco,ChIJTxlXcl7urw0RPqRAGHBidDE,2021-02-16,-35,15,-55,-21,-21,7
MA,Morocco,ChIJTxlXcl7urw0RPqRAGHBidDE,2021-02-17,-35,14,-54,-22,-18,7
MA,Morocco,ChIJTxlXcl7urw0RPqRAGHBidDE,2021-02-18,-36,18,-56,-26,-19,7
MA,Morocco,ChIJTxlXcl7urw0RPqRAGHBidDE,2021-02-19,-37,17,-59,-25,-16,7
MA,Morocco,ChIJTxlXcl7urw0RPqRAGHBidDE,2021-02-20,-35,11,-55,-27,-20,6
MA,Morocco,ChIJTxlXcl7urw0RPqRAGHBidDE,2021-02-21,-43,-9,-70,-40,-28,9
MA,Morocco,ChIJTxlXcl7urw0RPqRAGHBidDE,2021-02-22,-31,23,-49,-18,-18,6
MA,Morocco,ChIJTxlXcl7urw0RPqRAGHBidDE,2021-02-23,-32,20,-50,-19,-19,7
MA,Morocco,ChIJTxlXcl7urw0RPqRAGHBidDE,2021-02-24,-33,20,-51,-22,-16,7
MA,Morocco,ChIJTxlXcl7urw0RPqRAGHBidDE,2021-02-25,-35,22,-54,-25,-15,7
MA,Morocco,ChIJTxlXcl7urw0RPqRAGHBidDE,2021-02-26,-39,14,-67,-29,-15,9
MA,Morocco,ChIJTxlXcl7urw0RPqRAGHBidDE,2021-02-27,-36,14,-59,-28,-16,8
MA,Morocco,ChIJTxlXcl7urw0RPqRAGHBidDE,2021-02-28,-37,7,-57,-32,-21,7
MA,Morocco,ChIJTxlXcl7urw0RPqRAGHBidDE,2021-03-01,-33,25,-53,-18,-15,6
MA,Morocco,ChIJTxlXcl7urw0RPqRAGHBidDE,2021-03-02,-30,31,-49,-17,-16,6
MA,Morocco,ChIJTxlXcl7urw0RPqRAGHBidDE,2021-03-03,-31,28,-49,-18,-15,7
MA,Morocco,ChIJTxlXcl7urw0RPqRAGHBidDE,2021-03-04,-33,29,-52,-23,-16,7
MA,Morocco,ChIJTxlXcl7urw0RPqRAGHBidDE,2021-03-05,-37,22,-61,-24,-12,7
MA,Morocco,ChIJTxlXcl7urw0RPqRAGHBidDE,2021-03-06,-37,14,-59,-27,-17,8
MA,Morocco,ChIJTxlXcl7urw0RPqRAGHBidDE,2021-03-07,-37,5,-60,-33,-22,8
MA,Morocco,ChIJTxlXcl7urw0RPqRAGHBidDE,2021-03-08,-31,28,-52,-15,-16,6
MA,Morocco,ChIJTxlXcl7urw0RPqRAGHBidDE,2021-03-09,-31,26,-51,-16,-16,7
MA,Morocco,ChIJTxlXcl7urw0RPqRAGHBidDE,2021-03-10,-31,24,-48,-17,-13,7
MA,Morocco,ChIJTxlXcl7urw0RPqRAGHBidDE,2021-03-11,-33,27,-51,-21,-14,7
MA,Morocco,ChIJTxlXcl7urw0RPqRAGHBidDE,2021-03-12,-36,22,-57,-19,-12,6
MA,Morocco,ChIJTxlXcl7urw0RPqRAGHBidDE,2021-03-13,-34,17,-52,-22,-17,5
MA,Morocco,ChIJTxlXcl7urw0RPqRAGHBidDE,2021-03-14,-32,10,-48,-24,-24,4
MA,Morocco,ChIJTxlXcl7urw0RPqRAGHBidDE,2021-03-15,-27,29,-40,-11,-27,5
MA,Morocco,ChIJTxlXcl7urw0RPqRAGHBidDE,2021-03-16,-25,29,-36,-11,-28,5
MA,Morocco,ChIJTxlXcl7urw0RPqRAGHBidDE,2021-03-17,-26,27,-34,-12,-25,5
MA,Morocco,ChIJTxlXcl7urw0RPqRAGHBidDE,2021-03-18,-25,35,-34,-17,-25,5
MA,Morocco,ChIJTxlXcl7urw0RPqRAGHBidDE,2021-03-19,-28,30,-43,-17,-23,6
MA,Morocco,ChIJTxlXcl7urw0RPqRAGHBidDE,2021-03-20,-33,15,-54,-25,-24,6
MA,Morocco,ChIJTxlXcl7urw0RPqRAGHBidDE,2021-03-21,-33,8,-50,-27,-21,3
MA,Morocco,ChIJTxlXcl7urw0RPqRAGHBidDE,2021-03-22,-30,28,-50,-13,-15,6
MA,Morocco,ChIJTxlXcl7urw0RPqRAGHBidDE,2021-03-23,-30,28,-48,-13,-16,6
MA,Morocco,ChIJTxlXcl7urw0RPqRAGHBidDE,2021-03-24,-31,22,-48,-18,-14,6
MA,Morocco,ChIJTxlXcl7urw0RPqRAGHBidDE,2021-03-25,-33,21,-52,-21,-14,6
MA,Morocco,ChIJTxlXcl7urw0RPqRAGHBidDE,2021-03-26,-36,19,-57,-24,-12,7
MA,Morocco,ChIJTxlXcl7urw0RPqRAGHBidDE,2021-03-27,-35,12,-56,-28,-15,6
MA,Morocco,ChIJTxlXcl7urw0RPqRAGHBidDE,2021-03-28,-36,4,-55,-32,-20,6
MA,Morocco,ChIJTxlXcl7urw0RPqRAGHBidDE,2021-03-29,-34,20,-51,-21,-14,6
MA,Morocco,ChIJTxlXcl7urw0RPqRAGHBidDE,2021-03-30,-32,23,-51,-16,-13,6
MA,Morocco,ChIJTxlXcl7urw0RPqRAGHBidDE,2021-03-31,-32,23,-51,-20,-12,6
MA,Morocco,ChIJTxlXcl7urw0RPqRAGHBidDE,2021-04-01,-30,31,-49,-18,-12,6
MA,Morocco,ChIJTxlXcl7urw0RPqRAGHBidDE,2021-04-02,-32,28,-57,-21,-10,7
MA,Morocco,ChIJTxlXcl7urw0RPqRAGHBidDE,2021-04-03,-30,21,-50,-24,-14,6
MA,Morocco,ChIJTxlXcl7urw0RPqRAGHBidDE,2021-04-04,-30,13,-48,-28,-21,4
MA,Morocco,ChIJTxlXcl7urw0RPqRAGHBidDE,2021-04-05,-27,31,-46,-15,-16,6
MA,Morocco,ChIJTxlXcl7urw0RPqRAGHBidDE,2021-04-06,-28,32,-47,-14,-15,6
MA,Morocco,ChIJTxlXcl7urw0RPqRAGHBidDE,2021-04-07,-30,29,-46,-15,-12,7
MA,Morocco,ChIJTxlXcl7urw0RPqRAGHBidDE,2021-04-08,-29,31,-48,-18,-12,7
MA,Morocco,ChIJTxlXcl7urw0RPqRAGHBidDE,2021-04-09,-34,24,-57,-21,-11,7
MA,Morocco,ChIJTxlXcl7urw0RPqRAGHBidDE,2021-04-10,-34,19,-55,-25,-16,7
MA,Morocco,ChIJTxlXcl7urw0RPqRAGHBidDE,2021-04-11,-33,14,-54,-27,-21,4
MA,Morocco,ChIJTxlXcl7urw0RPqRAGHBidDE,2021-04-12,-30,35,-51,-11,-12,5
MA,Morocco,ChIJTxlXcl7urw0RPqRAGHBidDE,2021-04-13,-30,37,-53,-14,-14,6
MA,Morocco,ChIJTxlXcl7urw0RPqRAGHBidDE,2021-04-14,-60,11,-68,-34,-24,15
MA,Morocco,ChIJTxlXcl7urw0RPqRAGHBidDE,2021-04-15,-61,8,-70,-40,-24,17
MA,Morocco,ChIJTxlXcl7urw0RPqRAGHBidDE,2021-04-16,-64,3,-73,-43,-23,18
MA,Morocco,ChIJTxlXcl7urw0RPqRAGHBidDE,2021-04-17,-65,-3,-75,-47,-30,18
MA,Morocco,ChIJTxlXcl7urw0RPqRAGHBidDE,2021-04-18,-67,-11,-76,-51,-40,18
MA,Morocco,ChIJTxlXcl7urw0RPqRAGHBidDE,2021-04-19,-59,5,-69,-37,-24,15
MA,Morocco,ChIJTxlXcl7urw0RPqRAGHBidDE,2021-04-20,-58,10,-67,-34,-25,16
MA,Morocco,ChIJTxlXcl7urw0RPqRAGHBidDE,2021-04-21,-59,9,-67,-34,-23,16
MA,Morocco,ChIJTxlXcl7urw0RPqRAGHBidDE,2021-04-22,-60,10,-68,-41,-24,16
MA,Morocco,ChIJTxlXcl7urw0RPqRAGHBidDE,2021-04-23,-63,6,-74,-40,-22,17
MA,Morocco,ChIJTxlXcl7urw0RPqRAGHBidDE,2021-04-24,-63,1,-74,-45,-28,16
MA,Morocco,ChIJTxlXcl7urw0RPqRAGHBidDE,2021-04-25,-65,-6,-74,-49,-39,16
MA,Morocco,ChIJTxlXcl7urw0RPqRAGHBidDE,2021-04-26,-58,9,-67,-36,-26,15
MA,Morocco,ChIJTxlXcl7urw0RPqRAGHBidDE,2021-04-27,-58,11,-67,-35,-25,15
MA,Morocco,ChIJTxlXcl7urw0RPqRAGHBidDE,2021-04-28,-59,8,-66,-37,-24,16
MA,Morocco,ChIJTxlXcl7urw0RPqRAGHBidDE,2021-04-29,-59,12,-68,-41,-25,16
MA,Morocco,ChIJTxlXcl7urw0RPqRAGHBidDE,2021-04-30,-61,10,-74,-41,-23,16
MA,Morocco,ChIJTxlXcl7urw0RPqRAGHBidDE,2021-05-01,-60,9,-68,-42,-45,18
MA,Morocco,ChIJTxlXcl7urw0RPqRAGHBidDE,2021-05-02,-61,-1,-68,-43,-38,14
MA,Morocco,ChIJTxlXcl7urw0RPqRAGHBidDE,2021-05-03,-54,19,-62,-31,-23,13
MA,Morocco,ChIJTxlXcl7urw0RPqRAGHBidDE,2021-05-04,-54,22,-60,-28,-22,14
MA,Morocco,ChIJTxlXcl7urw0RPqRAGHBidDE,2021-05-05,-55,17,-61,-30,-21,15
MA,Morocco,ChIJTxlXcl7urw0RPqRAGHBidDE,2021-05-06,-56,18,-64,-35,-22,15
MA,Morocco,ChIJTxlXcl7urw0RPqRAGHBidDE,2021-05-07,-59,12,-70,-35,-19,16
MA,Morocco,ChIJTxlXcl7urw0RPqRAGHBidDE,2021-05-08,-61,4,-71,-39,-25,16
MA,Morocco,ChIJTxlXcl7urw0RPqRAGHBidDE,2021-05-09,-58,8,-63,-36,-31,14
MA,Morocco,ChIJTxlXcl7urw0RPqRAGHBidDE,2021-05-10,-50,26,-54,-22,-33,13
MA,Morocco,ChIJTxlXcl7urw0RPqRAGHBidDE,2021-05-11,-49,34,-50,-17,-34,14
MA,Morocco,ChIJTxlXcl7urw0RPqRAGHBidDE,2021-05-12,-45,48,-47,-11,-39,13
MA,Morocco,ChIJTxlXcl7urw0RPqRAGHBidDE,2021-05-13,-55,-10,-62,-28,-71,13
MA,Morocco,ChIJTxlXcl7urw0RPqRAGHBidDE,2021-05-14,-43,6,-52,-34,-62,14
MA,Morocco,ChIJTxlXcl7urw0RPqRAGHBidDE,2021-05-15,-40,1,-54,-35,-46,10
MA,Morocco,ChIJTxlXcl7urw0RPqRAGHBidDE,2021-05-16,-40,-4,-59,-32,-25,3
MA,Morocco,ChIJTxlXcl7urw0RPqRAGHBidDE,2021-05-17,-32,30,-50,-15,-15,6
MA,Morocco,ChIJTxlXcl7urw0RPqRAGHBidDE,2021-05-18,-31,30,-50,-14,-14,8
MA,Morocco,ChIJTxlXcl7urw0RPqRAGHBidDE,2021-05-19,-32,26,-50,-16,-11,8
MA,Morocco,ChIJTxlXcl7urw0RPqRAGHBidDE,2021-05-20,-31,33,-51,-22,-11,8
MA,Morocco,ChIJTxlXcl7urw0RPqRAGHBidDE,2021-05-21,-24,38,-48,-15,-5,6
MA,Morocco,ChIJTxlXcl7urw0RPqRAGHBidDE,2021-05-22,-26,29,-47,-17,-10,6
MA,Morocco,ChIJTxlXcl7urw0RPqRAGHBidDE,2021-05-23,-25,21,-46,-21,-13,5
MA,Morocco,ChIJTxlXcl7urw0RPqRAGHBidDE,2021-05-24,-21,39,-39,-7,-10,5
MA,Morocco,ChIJTxlXcl7urw0RPqRAGHBidDE,2021-05-25,-21,37,-38,-7,-9,6
MA,Morocco,ChIJTxlXcl7urw0RPqRAGHBidDE,2021-05-26,-20,39,-36,-7,-9,6
MA,Morocco,ChIJTxlXcl7urw0RPqRAGHBidDE,2021-05-27,-20,44,-42,-12,-10,6
MA,Morocco,ChIJTxlXcl7urw0RPqRAGHBidDE,2021-05-28,-22,45,-46,-9,-7,5
MA,Morocco,ChIJTxlXcl7urw0RPqRAGHBidDE,2021-05-29,-22,35,-44,-12,-12,5
MA,Morocco,ChIJTxlXcl7urw0RPqRAGHBidDE,2021-05-30,-23,27,-47,-19,-18,5
MA,Morocco,ChIJTxlXcl7urw0RPqRAGHBidDE,2021-05-31,-18,48,-40,-1,-11,4
MA,Morocco,ChIJTxlXcl7urw0RPqRAGHBidDE,2021-06-01,-15,52,-36,3,-11,4
MA,Morocco,ChIJTxlXcl7urw0RPqRAGHBidDE,2021-06-02,-17,48,-33,-1,-10,5
MA,Morocco,ChIJTxlXcl7urw0RPqRAGHBidDE,2021-06-03,-17,52,-37,-6,-10,6
MA,Morocco,ChIJTxlXcl7urw0RPqRAGHBidDE,2021-06-04,-19,48,-42,-6,-6,6
MA,Morocco,ChIJTxlXcl7urw0RPqRAGHBidDE,2021-06-05,-19,41,-40,-8,-12,5
MA,Morocco,ChIJTxlXcl7urw0RPqRAGHBidDE,2021-06-06,-22,24,-44,-17,-17,4
MA,Morocco,ChIJTxlXcl7urw0RPqRAGHBidDE,2021-06-07,-17,47,-39,0,-11,4
MA,Morocco,ChIJTxlXcl7urw0RPqRAGHBidDE,2021-06-08,-16,47,-39,2,-11,5
MA,Morocco,ChIJTxlXcl7urw0RPqRAGHBidDE,2021-06-09,-18,41,-41,-1,-10,5
MA,Morocco,ChIJTxlXcl7urw0RPqRAGHBidDE,2021-06-10,-18,47,-41,-7,-10,5
MA,Morocco,ChIJTxlXcl7urw0RPqRAGHBidDE,2021-06-11,-21,42,-46,-7,-8,5
MA,Morocco,ChIJTxlXcl7urw0RPqRAGHBidDE,2021-06-12,-22,34,-44,-11,-15,4
MA,Morocco,ChIJTxlXcl7urw0RPqRAGHBidDE,2021-06-13,-24,21,-48,-17,-19,3
MA,Morocco,ChIJTxlXcl7urw0RPqRAGHBidDE,2021-06-14,-16,44,-39,1,-13,3
MA,Morocco,ChIJTxlXcl7urw0RPqRAGHBidDE,2021-06-15,-16,46,-37,8,-12,4
MA,Morocco,ChIJTxlXcl7urw0RPqRAGHBidDE,2021-06-16,-16,42,-37,5,-11,3
MA,Morocco,ChIJTxlXcl7urw0RPqRAGHBidDE,2021-06-17,-18,44,-39,-5,-15,3
MA,Morocco,ChIJTxlXcl7urw0RPqRAGHBidDE,2021-06-18,-22,40,-43,-7,-12,4
MA,Morocco,ChIJTxlXcl7urw0RPqRAGHBidDE,2021-06-19,-21,34,-41,-6,-14,4
MA,Morocco,ChIJTxlXcl7urw0RPqRAGHBidDE,2021-06-20,-22,21,-44,-12,-21,3
MA,Morocco,ChIJTxlXcl7urw0RPqRAGHBidDE,2021-06-21,-14,46,-31,4,-17,2
MA,Morocco,ChIJTxlXcl7urw0RPqRAGHBidDE,2021-06-22,-13,46,-30,8,-16,2
MA,Morocco,ChIJTxlXcl7urw0RPqRAGHBidDE,2021-06-23,-14,41,-32,5,-15,3
MA,Morocco,ChIJTxlXcl7urw0RPqRAGHBidDE,2021-06-24,-13,48,-33,-2,-15,3
MA,Morocco,ChIJTxlXcl7urw0RPqRAGHBidDE,2021-06-25,-16,42,-37,-1,-12,4
MA,Morocco,ChIJTxlXcl7urw0RPqRAGHBidDE,2021-06-26,-18,33,-38,-3,-14,3
MA,Morocco,ChIJTxlXcl7urw0RPqRAGHBidDE,2021-06-27,-19,19,-43,-11,-17,2
MA,Morocco,ChIJTxlXcl7urw0RPqRAGHBidDE,2021-06-28,-10,46,-29,7,-16,1
MA,Morocco,ChIJTxlXcl7urw0RPqRAGHBidDE,2021-06-29,-12,41,-26,7,-17,2
MA,Morocco,ChIJTxlXcl7urw0RPqRAGHBidDE,2021-06-30,-10,47,-23,9,-14,2
MA,Morocco,ChIJTxlXcl7urw0RPqRAGHBidDE,2021-07-01,-8,56,-26,7,-15,3
MA,Morocco,ChIJTxlXcl7urw0RPqRAGHBidDE,2021-07-02,-14,45,-36,3,-11,3
MA,Morocco,ChIJTxlXcl7urw0RPqRAGHBidDE,2021-07-03,-17,37,-38,-2,-13,3
MA,Morocco,ChIJTxlXcl7urw0RPqRAGHBidDE,2021-07-04,-17,26,-38,-4,-15,2
MA,Morocco,ChIJTxlXcl7urw0RPqRAGHBidDE,2021-07-05,-6,56,-20,15,-15,1
MA,Morocco,ChIJTxlXcl7urw0RPqRAGHBidDE,2021-07-06,-6,52,-23,15,-15,2
MA,Morocco,ChIJTxlXcl7urw0RPqRAGHBidDE,2021-07-07,-6,52,-18,18,-15,2
MA,Morocco,ChIJTxlXcl7urw0RPqRAGHBidDE,2021-07-08,-5,57,-16,11,-15,2
MA,Morocco,ChIJTxlXcl7urw0RPqRAGHBidDE,2021-07-09,-11,44,-30,8,-12,3
MA,Morocco,ChIJTxlXcl7urw0RPqRAGHBidDE,2021-07-10,-20,27,-44,0,-11,2
MA,Morocco,ChIJTxlXcl7urw0RPqRAGHBidDE,2021-07-11,-16,18,-44,-6,-11,2
MA,Morocco,ChIJTxlXcl7urw0RPqRAGHBidDE,2021-07-12,-5,52,-22,18,-18,1
MA,Morocco,ChIJTxlXcl7urw0RPqRAGHBidDE,2021-07-13,-2,56,-12,29,-17,2
MA,Morocco,ChIJTxlXcl7urw0RPqRAGHBidDE,2021-07-14,-1,55,-11,23,-16,2
MA,Morocco,ChIJTxlXcl7urw0RPqRAGHBidDE,2021-07-15,-3,58,-15,16,-16,2
MA,Morocco,ChIJTxlXcl7urw0RPqRAGHBidDE,2021-07-16,-9,51,-30,15,-13,3
MA,Morocco,ChIJTxlXcl7urw0RPqRAGHBidDE,2021-07-17,-14,42,-35,12,-13,2
MA,Morocco,ChIJTxlXcl7urw0RPqRAGHBidDE,2021-07-18,-14,39,-39,8,-8,1
MA,Morocco,ChIJTxlXcl7urw0RPqRAGHBidDE,2021-07-19,-6,67,-24,27,-32,2
MA,Morocco,ChIJTxlXcl7urw0RPqRAGHBidDE,2021-07-20,-13,71,-25,26,-43,3
MA,Morocco,ChIJTxlXcl7urw0RPqRAGHBidDE,2021-07-21,-61,-27,-67,-29,-78,18
MA,Morocco,ChIJTxlXcl7urw0RPqRAGHBidDE,2021-07-22,-43,-11,-53,-26,-69,12
MA,Morocco,ChIJTxlXcl7urw0RPqRAGHBidDE,2021-07-23,-37,3,-48,-21,-50,9
MA,Morocco,ChIJTxlXcl7urw0RPqRAGHBidDE,2021-07-24,-38,-6,-50,-22,-45,8
MA,Morocco,ChIJTxlXcl7urw0RPqRAGHBidDE,2021-07-25,-31,-2,-50,-16,-27,3
MA,Morocco,ChIJTxlXcl7urw0RPqRAGHBidDE,2021-07-26,-16,30,-22,2,-35,4
MA,Morocco,ChIJTxlXcl7urw0RPqRAGHBidDE,2021-07-27,-15,31,-18,6,-35,5
MA,Morocco,ChIJTxlXcl7urw0RPqRAGHBidDE,2021-07-28,-16,31,-21,4,-33,6
MA,Morocco,ChIJTxlXcl7urw0RPqRAGHBidDE,2021-07-29,-16,35,-25,-4,-34,6
MA,Morocco,ChIJTxlXcl7urw0RPqRAGHBidDE,2021-07-30,-24,22,-33,-11,-48,12
MA,Morocco,ChIJTxlXcl7urw0RPqRAGHBidDE,2021-07-31,-27,19,-39,-10,-29,8
MA,Morocco,ChIJTxlXcl7urw0RPqRAGHBidDE,2021-08-01,-23,12,-39,-12,-20,5
MA,Morocco,ChIJTxlXcl7urw0RPqRAGHBidDE,2021-08-02,-9,43,-12,10,-33,5
MA,Morocco,ChIJTxlXcl7urw0RPqRAGHBidDE,2021-08-03,-18,35,-25,7,-35,8
MA,Morocco,ChIJTxlXcl7urw0RPqRAGHBidDE,2021-08-04,-19,32,-26,-2,-33,9
MA,Morocco,ChIJTxlXcl7urw0RPqRAGHBidDE,2021-08-05,-21,35,-30,-5,-34,9
MA,Morocco,ChIJTxlXcl7urw0RPqRAGHBidDE,2021-08-06,-27,25,-40,-12,-32,11
MA,Morocco,ChIJTxlXcl7urw0RPqRAGHBidDE,2021-08-07,-32,14,-46,-15,-28,10
MA,Morocco,ChIJTxlXcl7urw0RPqRAGHBidDE,2021-08-08,-30,6,-46,-20,-20,8
MA,Morocco,ChIJTxlXcl7urw0RPqRAGHBidDE,2021-08-09,-16,37,-26,2,-36,7
MA,Morocco,ChIJTxlXcl7urw0RPqRAGHBidDE,2021-08-10,-20,27,-24,-3,-49,12
MA,Morocco,ChIJTxlXcl7urw0RPqRAGHBidDE,2021-08-11,-18,33,-22,2,-33,8
MA,Morocco,ChIJTxlXcl7urw0RPqRAGHBidDE,2021-08-12,-22,31,-29,-7,-34,8
MA,Morocco,ChIJTxlXcl7urw0RPqRAGHBidDE,2021-08-13,-31,19,-45,-12,-32,9
MA,Morocco,ChIJTxlXcl7urw0RPqRAGHBidDE,2021-08-14,-38,5,-53,-21,-33,10
MA,Morocco,ChIJTxlXcl7urw0RPqRAGHBidDE,2021-08-15,-36,-4,-55,-22,-18,7
MA,Morocco,ChIJTxlXcl7urw0RPqRAGHBidDE,2021-08-16,-23,27,-33,-1,-36,6
MA,Morocco,ChIJTxlXcl7urw0RPqRAGHBidDE,2021-08-17,-21,30,-27,4,-36,7
MA,Morocco,ChIJTxlXcl7urw0RPqRAGHBidDE,2021-08-18,-22,31,-24,3,-31,7
MA,Morocco,ChIJTxlXcl7urw0RPqRAGHBidDE,2021-08-19,-23,30,-29,-6,-32,7
MA,Morocco,ChIJTxlXcl7urw0RPqRAGHBidDE,2021-08-20,-29,19,-37,-13,-44,11
MA,Morocco,ChIJTxlXcl7urw0RPqRAGHBidDE,2021-08-21,-32,13,-42,-15,-34,8
MA,Morocco,ChIJTxlXcl7urw0RPqRAGHBidDE,2021-08-22,-30,1,-44,-18,-15,4
MA,Morocco,ChIJTxlXcl7urw0RPqRAGHBidDE,2021-08-23,-19,31,-25,1,-32,5
MA,Morocco,ChIJTxlXcl7urw0RPqRAGHBidDE,2021-08-24,-19,31,-24,2,-33,6
MA,Morocco,ChIJTxlXcl7urw0RPqRAGHBidDE,2021-08-25,-19,26,-26,1,-30,7
MA,Morocco,ChIJTxlXcl7urw0RPqRAGHBidDE,2021-08-26,-21,31,-31,-7,-31,7
MA,Morocco,ChIJTxlXcl7urw0RPqRAGHBidDE,2021-08-27,-25,25,-39,-9,-27,8
MA,Morocco,ChIJTxlXcl7urw0RPqRAGHBidDE,2021-08-28,-29,14,-45,-14,-24,7
MA,Morocco,ChIJTxlXcl7urw0RPqRAGHBidDE,2021-08-29,-26,6,-46,-18,-15,5
MA,Morocco,ChIJTxlXcl7urw0RPqRAGHBidDE,2021-08-30,-14,36,-28,2,-29,5
MA,Morocco,ChIJTxlXcl7urw0RPqRAGHBidDE,2021-08-31,-14,39,-27,4,-27,6
MA,Morocco,ChIJTxlXcl7urw0RPqRAGHBidDE,2021-09-01,-13,40,-25,6,-24,6
MA,Morocco,ChIJTxlXcl7urw0RPqRAGHBidDE,2021-09-02,-14,42,-30,0,-24,6
MA,Morocco,ChIJTxlXcl7urw0RPqRAGHBidDE,2021-09-03,-19,33,-39,-5,-20,7
MA,Morocco,ChIJTxlXcl7urw0RPqRAGHBidDE,2021-09-04,-22,24,-42,-7,-20,6
MA,Morocco,ChIJTxlXcl7urw0RPqRAGHBidDE,2021-09-05,-23,12,-46,-13,-15,5
MA,Morocco,ChIJTxlXcl7urw0RPqRAGHBidDE,2021-09-06,-10,44,-25,8,-24,4
MA,Morocco,ChIJTxlXcl7urw0RPqRAGHBidDE,2021-09-07,-12,40,-29,9,-23,5
MA,Morocco,ChIJTxlXcl7urw0RPqRAGHBidDE,2021-09-08,-17,33,-31,0,-22,6
MA,Morocco,ChIJTxlXcl7urw0RPqRAGHBidDE,2021-09-09,-15,39,-29,-1,-22,7
MA,Morocco,ChIJTxlXcl7urw0RPqRAGHBidDE,2021-09-10,-19,34,-37,-4,-19,8
MA,Morocco,ChIJTxlXcl7urw0RPqRAGHBidDE,2021-09-11,-21,23,-42,-9,-19,8
MA,Morocco,ChIJTxlXcl7urw0RPqRAGHBidDE,2021-09-12,-21,13,-43,-14,-15,6
MA,Morocco,ChIJTxlXcl7urw0RPqRAGHBidDE,2021-09-13,-9,45,-23,10,-23,4
MA,Morocco,ChIJTxlXcl7urw0RPqRAGHBidDE,2021-09-14,-7,41,-22,9,-22,5
MA,Morocco,ChIJTxlXcl7urw0RPqRAGHBidDE,2021-09-15,-9,38,-21,5,-22,6
MA,Morocco,ChIJTxlXcl7urw0RPqRAGHBidDE,2021-09-16,-9,42,-22,0,-23,7
MA,Morocco,ChIJTxlXcl7urw0RPqRAGHBidDE,2021-09-17,-14,36,-32,-3,-19,7
MA,Morocco,ChIJTxlXcl7urw0RPqRAGHBidDE,2021-09-18,-16,27,-33,-7,-18,7
MA,Morocco,ChIJTxlXcl7urw0RPqRAGHBidDE,2021-09-19,-16,15,-34,-11,-16,6
MA,Morocco,ChIJTxlXcl7urw0RPqRAGHBidDE,2021-09-20,-7,42,-19,7,-22,5
MA,Morocco,ChIJTxlXcl7urw0RPqRAGHBidDE,2021-09-21,-6,42,-18,7,-22,6
MA,Morocco,ChIJTxlXcl7urw0RPqRAGHBidDE,2021-09-22,-8,39,-19,3,-17,7
MA,Morocco,ChIJTxlXcl7urw0RPqRAGHBidDE,2021-09-23,-8,43,-22,0,-19,6
MA,Morocco,ChIJTxlXcl7urw0RPqRAGHBidDE,2021-09-24,-13,37,-30,-3,-16,7
MA,Morocco,ChIJTxlXcl7urw0RPqRAGHBidDE,2021-09-25,-15,26,-32,-7,-16,7
MA,Morocco,ChIJTxlXcl7urw0RPqRAGHBidDE,2021-09-26,-15,15,-35,-13,-14,5
MA,Morocco,ChIJTxlXcl7urw0RPqRAGHBidDE,2021-09-27,-7,38,-22,5,-20,5
MA,Morocco,ChIJTxlXcl7urw0RPqRAGHBidDE,2021-09-28,-6,41,-20,8,-19,5
MA,Morocco,ChIJTxlXcl7urw0RPqRAGHBidDE,2021-09-29,-7,38,-21,6,-18,6
MA,Morocco,ChIJTxlXcl7urw0RPqRAGHBidDE,2021-09-30,-6,47,-27,3,-17,5
MA,Morocco,ChIJTxlXcl7urw0RPqRAGHBidDE,2021-10-01,-5,47,-27,5,-13,3
MA,Morocco,ChIJTxlXcl7urw0RPqRAGHBidDE,2021-10-02,-6,38,-29,-2,-14,5
MA,Morocco,ChIJTxlXcl7urw0RPqRAGHBidDE,2021-10-03,-4,29,-29,-3,-11,4
MA,Morocco,ChIJTxlXcl7urw0RPqRAGHBidDE,2021-10-04,2,53,-18,18,-17,0
MA,Morocco,ChIJTxlXcl7urw0RPqRAGHBidDE,2021-10-05,1,52,-15,17,-17,3
MA,Morocco,ChIJTxlXcl7urw0RPqRAGHBidDE,2021-10-06,-2,45,-17,10,-15,3
MA,Morocco,ChIJTxlXcl7urw0RPqRAGHBidDE,2021-10-07,-1,51,-20,6,-15,3
MA,Morocco,ChIJTxlXcl7urw0RPqRAGHBidDE,2021-10-08,-6,45,-27,5,-10,4
MA,Morocco,ChIJTxlXcl7urw0RPqRAGHBidDE,2021-10-09,-7,36,-26,-1,-13,5
MA,Morocco,ChIJTxlXcl7urw0RPqRAGHBidDE,2021-10-10,-5,27,-29,-5,-10,4
MA,Morocco,ChIJTxlXcl7urw0RPqRAGHBidDE,2021-10-11,2,51,-13,15,-14,2
MA,Morocco,ChIJTxlXcl7urw0RPqRAGHBidDE,2021-10-12,2,50,-11,15,-14,2
MA,Morocco,ChIJTxlXcl7urw0RPqRAGHBidDE,2021-10-13,1,50,-11,14,-12,3
MA,Morocco,ChIJTxlXcl7urw0RPqRAGHBidDE,2021-10-14,0,49,-14,10,-11,2
MA,Morocco,ChIJTxlXcl7urw0RPqRAGHBidDE,2021-10-15,-5,43,-22,7,-8,4
MA,Morocco,ChIJTxlXcl7urw0RPqRAGHBidDE,2021-10-16,-4,38,-25,2,-10,4
MA,Morocco,ChIJTxlXcl7urw0RPqRAGHBidDE,2021-10-17,-3,28,-24,-3,-10,6
MA,Morocco,ChIJTxlXcl7urw0RPqRAGHBidDE,2021-10-18,10,62,-1,22,-16,1
MA,Morocco,ChIJTxlXcl7urw0RPqRAGHBidDE,2021-10-19,-2,35,1,5,-51,11
MA,Morocco,ChIJTxlXcl7urw0RPqRAGHBidDE,2021-10-20,1,42,-4,9,-37,8
MA,Morocco,ChIJTxlXcl7urw0RPqRAGHBidDE,2021-10-21,-2,52,-14,7,-9,3
MA,Morocco,ChIJTxlXcl7urw0RPqRAGHBidDE,2021-10-22,-6,48,-21,5,-4,4
MA,Morocco,ChIJTxlXcl7urw0RPqRAGHBidDE,2021-10-23,-9,36,-26,-1,-7,6
MA,Morocco,ChIJTxlXcl7urw0RPqRAGHBidDE,2021-10-24,-9,23,-31,-9,-9,6
MA,Morocco,ChIJTxlXcl7urw0RPqRAGHBidDE,2021-10-25,-2,47,-16,11,-7,3
MA,Morocco,ChIJTxlXcl7urw0RPqRAGHBidDE,2021-10-26,-1,46,-12,14,-6,3
MA,Morocco,ChIJTxlXcl7urw0RPqRAGHBidDE,2021-10-27,-2,42,-14,10,-3,4
MA,Morocco,ChIJTxlXcl7urw0RPqRAGHBidDE,2021-10-28,-2,49,-18,4,-2,4
MA,Morocco,ChIJTxlXcl7urw0RPqRAGHBidDE,2021-10-29,-6,41,-21,2,3,4
MA,Morocco,ChIJTxlXcl7urw0RPqRAGHBidDE,2021-10-30,-4,36,-21,-1,-3,5
MA,Morocco,ChIJTxlXcl7urw0RPqRAGHBidDE,2021-10-31,-3,27,-23,-5,-6,5
MA,Morocco,ChIJTxlXcl7urw0RPqRAGHBidDE,2021-11-01,2,50,-7,14,-5,2
MA,Morocco,ChIJTxlXcl7urw0RPqRAGHBidDE,2021-11-02,3,51,-8,15,-2,3
MA,Morocco,ChIJTxlXcl7urw0RPqRAGHBidDE,2021-11-03,3,46,-8,13,0,3
MA,Morocco,ChIJTxlXcl7urw0RPqRAGHBidDE,2021-11-04,3,52,-16,7,1,3
MA,Morocco,ChIJTxlXcl7urw0RPqRAGHBidDE,2021-11-05,-1,52,-44,8,5,3
MA,Morocco,ChIJTxlXcl7urw0RPqRAGHBidDE,2021-11-06,-2,41,-45,0,-22,8
MA,Morocco,ChIJTxlXcl7urw0RPqRAGHBidDE,2021-11-07,-1,32,-45,-1,-7,5
MA,Morocco,ChIJTxlXcl7urw0RPqRAGHBidDE,2021-11-08,3,51,-37,17,0,3
MA,Morocco,ChIJTxlXcl7urw0RPqRAGHBidDE,2021-11-09,2,51,-35,15,1,3
MA,Morocco,ChIJTxlXcl7urw0RPqRAGHBidDE,2021-11-10,5,53,-24,14,3,4
MA,Morocco,ChIJTxlXcl7urw0RPqRAGHBidDE,2021-11-11,4,54,-23,11,1,4
MA,Morocco,ChIJTxlXcl7urw0RPqRAGHBidDE,2021-11-12,-1,50,-29,7,6,4
MA,Morocco,ChIJTxlXcl7urw0RPqRAGHBidDE,2021-11-13,1,47,-27,5,-1,4
MA,Morocco,ChIJTxlXcl7urw0RPqRAGHBidDE,2021-11-14,3,38,-21,1,-8,4
MA,Morocco,ChIJTxlXcl7urw0RPqRAGHBidDE,2021-11-15,11,60,-8,23,-9,3
MA,Morocco,ChIJTxlXcl7urw0RPqRAGHBidDE,2021-11-16,16,62,-2,28,-10,3
MA,Morocco,ChIJTxlXcl7urw0RPqRAGHBidDE,2021-11-17,16,65,5,28,-8,2
MA,Morocco,ChIJTxlXcl7urw0RPqRAGHBidDE,2021-11-18,21,69,11,15,-38,8
MA,Morocco,ChIJTxlXcl7urw0RPqRAGHBidDE,2021-11-19,15,66,-5,17,-8,5
MA,Morocco,ChIJTxlXcl7urw0RPqRAGHBidDE,2021-11-20,11,54,-10,13,-9,4
MA,Morocco,ChIJTxlXcl7urw0RPqRAGHBidDE,2021-11-21,1,35,-29,4,-6,5
MA,Morocco,ChIJTxlXcl7urw0RPqRAGHBidDE,2021-11-22,4,52,-27,16,4,2
MA,Morocco,ChIJTxlXcl7urw0RPqRAGHBidDE,2021-11-23,1,44,-32,9,4,4
MA,Morocco,ChIJTxlXcl7urw0RPqRAGHBidDE,2021-11-24,2,50,-25,9,7,4
MA,Morocco,ChIJTxlXcl7urw0RPqRAGHBidDE,2021-11-25,1,54,-28,7,7,4
MA,Morocco,ChIJTxlXcl7urw0RPqRAGHBidDE,2021-11-26,-2,50,-34,4,10,4
MA,Morocco,ChIJTxlXcl7urw0RPqRAGHBidDE,2021-11-27,-2,43,-34,2,3,5
MA,Morocco,ChIJTxlXcl7urw0RPqRAGHBidDE,2021-11-28,-5,30,-37,-6,-8,7
MA,Morocco,ChIJTxlXcl7urw0RPqRAGHBidDE,2021-11-29,0,51,-33,12,5,4
MA,Morocco,ChIJTxlXcl7urw0RPqRAGHBidDE,2021-11-30,1,52,-31,7,4,4
MA,Morocco,ChIJTxlXcl7urw0RPqRAGHBidDE,2021-12-01,1,50,-35,5,6,4
MA,Morocco,ChIJTxlXcl7urw0RPqRAGHBidDE,2021-12-02,-6,47,-44,-5,5,6
MA,Morocco,ChIJTxlXcl7urw0RPqRAGHBidDE,2021-12-03,-5,51,-42,-3,9,6
MA,Morocco,ChIJTxlXcl7urw0RPqRAGHBidDE,2021-12-04,-4,42,-39,-4,1,7
MA,Morocco,ChIJTxlXcl7urw0RPqRAGHBidDE,2021-12-05,-5,30,-39,-12,-12,7
MA,Morocco,ChIJTxlXcl7urw0RPqRAGHBidDE,2021-12-06,-2,49,-41,2,3,5
MA,Morocco,ChIJTxlXcl7urw0RPqRAGHBidDE,2021-12-07,-3,46,-42,1,7,6
MA,Morocco,ChIJTxlXcl7urw0RPqRAGHBidDE,2021-12-08,-1,47,-37,-1,11,5
MA,Morocco,ChIJTxlXcl7urw0RPqRAGHBidDE,2021-12-09,-4,47,-43,-9,11,6
MA,Morocco,ChIJTxlXcl7urw0RPqRAGHBidDE,2021-12-10,-8,42,-44,-9,14,7
MA,Morocco,ChIJTxlXcl7urw0RPqRAGHBidDE,2021-12-11,-5,31,-45,-14,5,7
MA,Morocco,ChIJTxlXcl7urw0RPqRAGHBidDE,2021-12-12,-8,23,-41,-20,-8,7
MA,Morocco,ChIJTxlXcl7urw0RPqRAGHBidDE,2021-12-13,-7,38,-44,-9,9,6
MA,Morocco,ChIJTxlXcl7urw0RPqRAGHBidDE,2021-12-14,-7,39,-41,-5,9,6
MA,Morocco,ChIJTxlXcl7urw0RPqRAGHBidDE,2021-12-15,-8,36,-44,-10,12,7
MA,Morocco,ChIJTxlXcl7urw0RPqRAGHBidDE,2021-12-16,-6,42,-45,-13,12,7
MA,Morocco,ChIJTxlXcl7urw0RPqRAGHBidDE,2021-12-17,-11,38,-48,-14,14,7
MA,Morocco,ChIJTxlXcl7urw0RPqRAGHBidDE,2021-12-18,-9,31,-45,-16,6,8
MA,Morocco,ChIJTxlXcl7urw0RPqRAGHBidDE,2021-12-19,-9,19,-45,-23,-9,8
MA,Morocco,ChIJTxlXcl7urw0RPqRAGHBidDE,2021-12-20,-7,39,-45,-9,8,6
MA,Morocco,ChIJTxlXcl7urw0RPqRAGHBidDE,2021-12-21,-7,37,-46,-8,8,6
MA,Morocco,ChIJTxlXcl7urw0RPqRAGHBidDE,2021-12-22,-6,35,-44,-10,10,7
MA,Morocco,ChIJTxlXcl7urw0RPqRAGHBidDE,2021-12-23,-6,43,-43,-15,9,7
MA,Morocco,ChIJTxlXcl7urw0RPqRAGHBidDE,2021-12-24,-9,41,-43,-15,9,7
MA,Morocco,ChIJTxlXcl7urw0RPqRAGHBidDE,2021-12-25,-14,22,-54,-19,-1,9
MA,Morocco,ChIJTxlXcl7urw0RPqRAGHBidDE,2021-12-26,-2,27,-33,-15,-8,7
MA,Morocco,ChIJTxlXcl7urw0RPqRAGHBidDE,2021-12-27,6,50,-21,0,-11,7
MA,Morocco,ChIJTxlXcl7urw0RPqRAGHBidDE,2021-12-28,10,54,-15,4,-11,7
MA,Morocco,ChIJTxlXcl7urw0RPqRAGHBidDE,2021-12-29,10,52,-11,2,-9,7
MA,Morocco,ChIJTxlXcl7urw0RPqRAGHBidDE,2021-12-30,14,64,-10,0,-10,6
MA,Morocco,ChIJTxlXcl7urw0RPqRAGHBidDE,2021-12-31,9,65,-16,-2,-10,7
MA,Morocco,ChIJjcVRlmGICw0Rw_8sxIGT09k,2022-01-01,7,72,3,-5,-17,8
MA,Morocco,ChIJjcVRlmGICw0Rw_8sxIGT09k,2022-01-02,9,66,-2,-2,-1,5
MA,Morocco,ChIJjcVRlmGICw0Rw_8sxIGT09k,2022-01-03,8,81,-11,-2,9,6
MA,Morocco,ChIJjcVRlmGICw0Rw_8sxIGT09k,2022-01-04,7,82,-13,-5,10,6
MA,Morocco,ChIJjcVRlmGICw0Rw_8sxIGT09k,2022-01-05,9,85,-11,-4,10,7
MA,Morocco,ChIJjcVRlmGICw0Rw_8sxIGT09k,2022-01-06,7,84,-16,-8,10,8
MA,Morocco,ChIJjcVRlmGICw0Rw_8sxIGT09k,2022-01-07,7,92,-11,-11,13,8
MA,Morocco,ChIJjcVRlmGICw0Rw_8sxIGT09k,2022-01-08,7,77,-8,-13,14,8
MA,Morocco,ChIJjcVRlmGICw0Rw_8sxIGT09k,2022-01-09,6,63,-3,-19,-1,9
MA,Morocco,ChIJjcVRlmGICw0Rw_8sxIGT09k,2022-01-10,8,75,-14,-13,4,7
MA,Morocco,ChIJjcVRlmGICw0Rw_8sxIGT09k,2022-01-11,4,71,-9,-25,-41,16
MA,Morocco,ChIJjcVRlmGICw0Rw_8sxIGT09k,2022-01-12,4,74,-16,-15,7,8
MA,Morocco,ChIJjcVRlmGICw0Rw_8sxIGT09k,2022-01-13,4,78,-15,-15,6,8
MA,Morocco,ChIJjcVRlmGICw0Rw_8sxIGT09k,2022-01-14,3,75,-18,-18,10,9
MA,Morocco,ChIJjcVRlmGICw0Rw_8sxIGT09k,2022-01-15,2,65,-13,-19,14,9
MA,Morocco,ChIJjcVRlmGICw0Rw_8sxIGT09k,2022-01-16,3,52,-7,-23,0,10
MA,Morocco,ChIJjcVRlmGICw0Rw_8sxIGT09k,2022-01-17,2,68,-16,-16,6,8
MA,Morocco,ChIJjcVRlmGICw0Rw_8sxIGT09k,2022-01-18,4,66,-19,-19,7,8
MA,Morocco,ChIJjcVRlmGICw0Rw_8sxIGT09k,2022-01-19,5,71,-14,-17,7,9
MA,Morocco,ChIJjcVRlmGICw0Rw_8sxIGT09k,2022-01-20,6,70,-16,-17,8,10
MA,Morocco,ChIJjcVRlmGICw0Rw_8sxIGT09k,2022-01-21,4,79,-14,-16,12,10
MA,Morocco,ChIJjcVRlmGICw0Rw_8sxIGT09k,2022-01-22,4,64,-12,-18,14,9
MA,Morocco,ChIJjcVRlmGICw0Rw_8sxIGT09k,2022-01-23,4,49,-9,-24,2,10
MA,Morocco,ChIJjcVRlmGICw0Rw_8sxIGT09k,2022-01-24,4,65,-17,-17,9,8
MA,Morocco,ChIJjcVRlmGICw0Rw_8sxIGT09k,2022-01-25,7,62,-20,-21,9,9
MA,Morocco,ChIJjcVRlmGICw0Rw_8sxIGT09k,2022-01-26,4,64,-17,-20,7,9
MA,Morocco,ChIJjcVRlmGICw0Rw_8sxIGT09k,2022-01-27,6,73,-15,-18,9,9
MA,Morocco,ChIJjcVRlmGICw0Rw_8sxIGT09k,2022-01-28,5,77,-15,-18,14,9
MA,Morocco,ChIJjcVRlmGICw0Rw_8sxIGT09k,2022-01-29,6,65,-15,-19,16,9
MA,Morocco,ChIJjcVRlmGICw0Rw_8sxIGT09k,2022-01-30,7,44,-17,-25,5,9
MA,Morocco,ChIJjcVRlmGICw0Rw_8sxIGT09k,2022-01-31,7,72,-13,-12,10,7
MA,Morocco,ChIJjcVRlmGICw0Rw_8sxIGT09k,2022-02-01,10,78,-8,-12,11,7
MA,Morocco,ChIJjcVRlmGICw0Rw_8sxIGT09k,2022-02-02,13,79,-7,-10,10,7
MA,Morocco,ChIJjcVRlmGICw0Rw_8sxIGT09k,2022-02-03,13,79,-10,-10,9,7
MA,Morocco,ChIJjcVRlmGICw0Rw_8sxIGT09k,2022-02-04,9,82,-10,-9,11,8
MA,Morocco,ChIJjcVRlmGICw0Rw_8sxIGT09k,2022-02-05,7,66,-8,-11,9,8
MA,Morocco,ChIJjcVRlmGICw0Rw_8sxIGT09k,2022-02-06,14,56,3,-12,2,6
MA,Morocco,ChIJjcVRlmGICw0Rw_8sxIGT09k,2022-02-07,15,77,4,0,-5,6
MA,Morocco,ChIJjcVRlmGICw0Rw_8sxIGT09k,2022-02-08,17,80,6,-2,-6,6
MA,Morocco,ChIJjcVRlmGICw0Rw_8sxIGT09k,2022-02-09,18,80,9,0,-6,6
MA,Morocco,ChIJjcVRlmGICw0Rw_8sxIGT09k,2022-02-10,21,87,13,3,-7,5
MA,Morocco,ChIJjcVRlmGICw0Rw_8sxIGT09k,2022-02-11,17,88,8,1,-3,6
MA,Morocco,ChIJjcVRlmGICw0Rw_8sxIGT09k,2022-02-12,15,73,8,1,2,5
MA,Morocco,ChIJjcVRlmGICw0Rw_8sxIGT09k,2022-02-13,16,63,8,1,2,4
MA,Morocco,ChIJjcVRlmGICw0Rw_8sxIGT09k,2022-02-14,14,76,-7,-2,13,5
MA,Morocco,ChIJjcVRlmGICw0Rw_8sxIGT09k,2022-02-15,15,74,-7,-6,14,6
MA,Morocco,ChIJjcVRlmGICw0Rw_8sxIGT09k,2022-02-16,14,78,-5,-6,13,6
MA,Morocco,ChIJjcVRlmGICw0Rw_8sxIGT09k,2022-02-17,14,81,-5,-3,15,6
MA,Morocco,ChIJjcVRlmGICw0Rw_8sxIGT09k,2022-02-18,15,90,-1,-1,20,6
MA,Morocco,ChIJjcVRlmGICw0Rw_8sxIGT09k,2022-02-19,12,75,-4,-3,19,7
MA,Morocco,ChIJjcVRlmGICw0Rw_8sxIGT09k,2022-02-20,14,63,5,-6,6,8
MA,Morocco,ChIJjcVRlmGICw0Rw_8sxIGT09k,2022-02-21,14,79,-2,0,16,5
MA,Morocco,ChIJjcVRlmGICw0Rw_8sxIGT09k,2022-02-22,14,80,-1,-2,16,6
MA,Morocco,ChIJjcVRlmGICw0Rw_8sxIGT09k,2022-02-23,15,81,1,-1,15,5
MA,Morocco,ChIJjcVRlmGICw0Rw_8sxIGT09k,2022-02-24,12,81,-5,-1,17,6
MA,Morocco,ChIJjcVRlmGICw0Rw_8sxIGT09k,2022-02-25,15,93,0,2,22,6
MA,Morocco,ChIJjcVRlmGICw0Rw_8sxIGT09k,2022-02-26,14,80,0,1,21,6
MA,Morocco,ChIJjcVRlmGICw0Rw_8sxIGT09k,2022-02-27,15,71,4,-2,8,7
MA,Morocco,ChIJjcVRlmGICw0Rw_8sxIGT09k,2022-02-28,16,86,4,5,16,5
MA,Morocco,ChIJjcVRlmGICw0Rw_8sxIGT09k,2022-03-01,19,92,8,6,16,5
MA,Morocco,ChIJjcVRlmGICw0Rw_8sxIGT09k,2022-03-02,20,96,13,8,15,5
MA,Morocco,ChIJjcVRlmGICw0Rw_8sxIGT09k,2022-03-03,18,98,11,8,16,5
MA,Morocco,ChIJjcVRlmGICw0Rw_8sxIGT09k,2022-03-04,17,102,9,10,21,7
MA,Morocco,ChIJjcVRlmGICw0Rw_8sxIGT09k,2022-03-05,18,92,12,9,21,6
MA,Morocco,ChIJjcVRlmGICw0Rw_8sxIGT09k,2022-03-06,15,76,5,3,8,8
MA,Morocco,ChIJjcVRlmGICw0Rw_8sxIGT09k,2022-03-07,17,91,11,10,19,7
MA,Morocco,ChIJjcVRlmGICw0Rw_8sxIGT09k,2022-03-08,19,96,16,8,20,7
MA,Morocco,ChIJjcVRlmGICw0Rw_8sxIGT09k,2022-03-09,20,94,16,7,19,8
MA,Morocco,ChIJjcVRlmGICw0Rw_8sxIGT09k,2022-03-10,17,97,17,9,20,8
MA,Morocco,ChIJjcVRlmGICw0Rw_8sxIGT09k,2022-03-11,14,99,14,9,23,9
MA,Morocco,ChIJjcVRlmGICw0Rw_8sxIGT09k,2022-03-12,15,92,17,8,23,9
MA,Morocco,ChIJjcVRlmGICw0Rw_8sxIGT09k,2022-03-13,15,86,20,8,12,8
MA,Morocco,ChIJjcVRlmGICw0Rw_8sxIGT09k,2022-03-14,6,75,3,4,19,10
MA,Morocco,ChIJjcVRlmGICw0Rw_8sxIGT09k,2022-03-15,14,91,11,6,21,10
MA,Morocco,ChIJjcVRlmGICw0Rw_8sxIGT09k,2022-03-16,13,92,12,6,20,10
MA,Morocco,ChIJjcVRlmGICw0Rw_8sxIGT09k,2022-03-17,14,94,12,7,21,9
MA,Morocco,ChIJjcVRlmGICw0Rw_8sxIGT09k,2022-03-18,15,102,16,10,24,10
MA,Morocco,ChIJjcVRlmGICw0Rw_8sxIGT09k,2022-03-19,15,93,20,10,24,9
MA,Morocco,ChIJjcVRlmGICw0Rw_8sxIGT09k,2022-03-20,16,83,18,8,13,8
MA,Morocco,ChIJjcVRlmGICw0Rw_8sxIGT09k,2022-03-21,15,91,20,12,22,8
MA,Morocco,ChIJjcVRlmGICw0Rw_8sxIGT09k,2022-03-22,14,92,19,9,22,9
MA,Morocco,ChIJjcVRlmGICw0Rw_8sxIGT09k,2022-03-23,9,82,6,4,20,10
MA,Morocco,ChIJjcVRlmGICw0Rw_8sxIGT09k,2022-03-24,14,94,10,9,22,9
MA,Morocco,ChIJjcVRlmGICw0Rw_8sxIGT09k,2022-03-25,15,97,11,9,25,10
MA,Morocco,ChIJjcVRlmGICw0Rw_8sxIGT09k,2022-03-26,14,93,20,12,25,8
MA,Morocco,ChIJjcVRlmGICw0Rw_8sxIGT09k,2022-03-27,16,89,25,11,13,7
MA,Morocco,ChIJjcVRlmGICw0Rw_8sxIGT09k,2022-03-28,14,90,17,12,23,8
MA,Morocco,ChIJjcVRlmGICw0Rw_8sxIGT09k,2022-03-29,14,80,7,8,22,9
MA,Morocco,ChIJjcVRlmGICw0Rw_8sxIGT09k,2022-03-30,14,96,11,11,21,9
MA,Morocco,ChIJjcVRlmGICw0Rw_8sxIGT09k,2022-03-31,19,109,17,17,23,7
MA,Morocco,ChIJjcVRlmGICw0Rw_8sxIGT09k,2022-04-01,19,120,21,19,27,8
MA,Morocco,ChIJjcVRlmGICw0Rw_8sxIGT09k,2022-04-02,18,119,14,15,25,8
MA,Morocco,ChIJjcVRlmGICw0Rw_8sxIGT09k,2022-04-03,-14,85,-7,-10,1,16
MA,Morocco,ChIJjcVRlmGICw0Rw_8sxIGT09k,2022-04-04,-15,73,-4,-6,-2,17
MA,Morocco,ChIJjcVRlmGICw0Rw_8sxIGT09k,2022-04-05,-15,73,-2,-9,-2,17
MA,Morocco,ChIJjcVRlmGICw0Rw_8sxIGT09k,2022-04-06,-7,85,7,-5,-1,16
MA,Morocco,ChIJjcVRlmGICw0Rw_8sxIGT09k,2022-04-07,-5,90,13,-2,-1,16
MA,Morocco,ChIJjcVRlmGICw0Rw_8sxIGT09k,2022-04-08,-5,96,11,-2,3,16
MA,Morocco,ChIJjcVRlmGICw0Rw_8sxIGT09k,2022-04-09,-7,81,2,-5,5,15
MA,Morocco,ChIJjcVRlmGICw0Rw_8sxIGT09k,2022-04-10,-10,77,0,-8,5,14
MA,Morocco,ChIJjcVRlmGICw0Rw_8sxIGT09k,2022-04-11,-6,79,10,0,15,13
MA,Morocco,ChIJjcVRlmGICw0Rw_8sxIGT09k,2022-04-12,-6,83,9,-5,15,15
MA,Morocco,ChIJjcVRlmGICw0Rw_8sxIGT09k,2022-04-13,-5,83,9,-5,14,16
MA,Morocco,ChIJjcVRlmGICw0Rw_8sxIGT09k,2022-04-14,-4,85,10,-2,15,15
MA,Morocco,ChIJjcVRlmGICw0Rw_8sxIGT09k,2022-04-15,-4,92,14,-2,19,16
MA,Morocco,ChIJjcVRlmGICw0Rw_8sxIGT09k,2022-04-16,-6,77,6,-5,18,15
MA,Morocco,ChIJjcVRlmGICw0Rw_8sxIGT09k,2022-04-17,-8,75,8,-7,7,15
MA,Morocco,ChIJjcVRlmGICw0Rw_8sxIGT09k,2022-04-18,-4,79,16,2,15,14
MA,Morocco,ChIJjcVRlmGICw0Rw_8sxIGT09k,2022-04-19,-4,82,13,-2,16,15
MA,Morocco,ChIJjcVRlmGICw0Rw_8sxIGT09k,2022-04-20,-4,84,9,-2,16,15
MA,Morocco,ChIJjcVRlmGICw0Rw_8sxIGT09k,2022-04-21,-1,92,15,0,17,14
MA,Morocco,ChIJjcVRlmGICw0Rw_8sxIGT09k,2022-04-22,-1,95,8,-2,22,15
MA,Morocco,ChIJjcVRlmGICw0Rw_8sxIGT09k,2022-04-23,-3,86,5,-3,20,15
MA,Morocco,ChIJjcVRlmGICw0Rw_8sxIGT09k,2022-04-24,-3,87,9,-3,12,15
MA,Morocco,ChIJjcVRlmGICw0Rw_8sxIGT09k,2022-04-25,0,86,19,4,17,14
MA,Morocco,ChIJjcVRlmGICw0Rw_8sxIGT09k,2022-04-26,0,91,19,2,16,14
MA,Morocco,ChIJjcVRlmGICw0Rw_8sxIGT09k,2022-04-27,3,98,20,5,15,14
MA,Morocco,ChIJjcVRlmGICw0Rw_8sxIGT09k,2022-04-28,2,104,19,9,14,13
MA,Morocco,ChIJjcVRlmGICw0Rw_8sxIGT09k,2022-04-29,9,118,26,13,14,14
MA,Morocco,ChIJjcVRlmGICw0Rw_8sxIGT09k,2022-04-30,7,109,22,15,10,13
MA,Morocco,ChIJjcVRlmGICw0Rw_8sxIGT09k,2022-05-01,15,133,35,16,8,13
MA,Morocco,ChIJjcVRlmGICw0Rw_8sxIGT09k,2022-05-02,11,79,72,9,-69,10
MA,Morocco,ChIJjcVRlmGICw0Rw_8sxIGT09k,2022-05-03,9,67,42,2,-63,12
MA,Morocco,ChIJjcVRlmGICw0Rw_8sxIGT09k,2022-05-04,18,87,35,12,-6,10
MA,Morocco,ChIJjcVRlmGICw0Rw_8sxIGT09k,2022-05-05,19,99,37,13,2,10
MA,Morocco,ChIJjcVRlmGICw0Rw_8sxIGT09k,2022-05-06,17,101,35,9,8,12
MA,Morocco,ChIJjcVRlmGICw0Rw_8sxIGT09k,2022-05-07,14,84,31,11,10,10
MA,Morocco,ChIJjcVRlmGICw0Rw_8sxIGT09k,2022-05-08,15,78,33,17,6,8
MA,Morocco,ChIJjcVRlmGICw0Rw_8sxIGT09k,2022-05-09,18,91,26,18,18,8
MA,Morocco,ChIJjcVRlmGICw0Rw_8sxIGT09k,2022-05-10,18,93,27,14,18,8
MA,Morocco,ChIJjcVRlmGICw0Rw_8sxIGT09k,2022-05-11,19,93,27,14,17,8
MA,Morocco,ChIJjcVRlmGICw0Rw_8sxIGT09k,2022-05-12,19,97,26,15,19,8
MA,Morocco,ChIJjcVRlmGICw0Rw_8sxIGT09k,2022-05-13,19,100,27,13,23,9
MA,Morocco,ChIJjcVRlmGICw0Rw_8sxIGT09k,2022-05-14,16,87,27,14,22,8
MA,Morocco,ChIJjcVRlmGICw0Rw_8sxIGT09k,2022-05-15,16,80,35,12,8,8
MA,Morocco,ChIJjcVRlmGICw0Rw_8sxIGT09k,2022-05-16,16,88,24,15,19,8
MA,Morocco,ChIJjcVRlmGICw0Rw_8sxIGT09k,2022-05-17,16,89,25,11,19,8
MA,Morocco,ChIJjcVRlmGICw0Rw_8sxIGT09k,2022-05-18,17,89,26,12,18,8
MA,Morocco,ChIJjcVRlmGICw0Rw_8sxIGT09k,2022-05-19,18,93,24,12,19,8
MA,Morocco,ChIJjcVRlmGICw0Rw_8sxIGT09k,2022-05-20,18,98,24,13,23,8
MA,Morocco,ChIJjcVRlmGICw0Rw_8sxIGT09k,2022-05-21,15,87,27,12,21,8
MA,Morocco,ChIJjcVRlmGICw0Rw_8sxIGT09k,2022-05-22,16,81,34,8,8,8
MA,Morocco,ChIJjcVRlmGICw0Rw_8sxIGT09k,2022-05-23,15,87,23,13,19,8
MA,Morocco,ChIJjcVRlmGICw0Rw_8sxIGT09k,2022-05-24,16,88,23,10,18,9
MA,Morocco,ChIJjcVRlmGICw0Rw_8sxIGT09k,2022-05-25,18,89,26,10,17,9
MA,Morocco,ChIJjcVRlmGICw0Rw_8sxIGT09k,2022-05-26,18,93,25,12,16,8
MA,Morocco,ChIJjcVRlmGICw0Rw_8sxIGT09k,2022-05-27,17,97,27,12,21,8
MA,Morocco,ChIJjcVRlmGICw0Rw_8sxIGT09k,2022-05-28,16,80,21,6,21,8
MA,Morocco,ChIJjcVRlmGICw0Rw_8sxIGT09k,2022-05-29,16,81,34,7,9,8
MA,Morocco,ChIJjcVRlmGICw0Rw_8sxIGT09k,2022-05-30,19,81,21,11,17,8
MA,Morocco,ChIJjcVRlmGICw0Rw_8sxIGT09k,2022-05-31,18,91,25,11,17,8
MA,Morocco,ChIJjcVRlmGICw0Rw_8sxIGT09k,2022-06-01,21,96,28,14,16,8
MA,Morocco,ChIJjcVRlmGICw0Rw_8sxIGT09k,2022-06-02,21,101,28,14,16,8
MA,Morocco,ChIJjcVRlmGICw0Rw_8sxIGT09k,2022-06-03,20,104,32,14,20,9
MA,Morocco,ChIJjcVRlmGICw0Rw_8sxIGT09k,2022-06-04,18,92,34,12,20,8
MA,Morocco,ChIJjcVRlmGICw0Rw_8sxIGT09k,2022-06-05,18,85,43,11,9,7
MA,Morocco,ChIJjcVRlmGICw0Rw_8sxIGT09k,2022-06-06,19,91,28,16,14,8
MA,Morocco,ChIJjcVRlmGICw0Rw_8sxIGT09k,2022-06-07,18,91,27,11,13,9
MA,Morocco,ChIJjcVRlmGICw0Rw_8sxIGT09k,2022-06-08,19,92,28,9,12,9
MA,Morocco,ChIJjcVRlmGICw0Rw_8sxIGT09k,2022-06-09,19,91,24,10,13,9
MA,Morocco,ChIJjcVRlmGICw0Rw_8sxIGT09k,2022-06-10,17,99,29,11,18,9
MA,Morocco,ChIJjcVRlmGICw0Rw_8sxIGT09k,2022-06-11,14,84,31,9,18,9
MA,Morocco,ChIJjcVRlmGICw0Rw_8sxIGT09k,2022-06-12,14,78,40,7,9,8
MA,Morocco,ChIJjcVRlmGICw0Rw_8sxIGT09k,2022-06-13,17,84,24,12,13,8
MA,Morocco,ChIJjcVRlmGICw0Rw_8sxIGT09k,2022-06-14,15,89,25,9,12,10
MA,Morocco,ChIJjcVRlmGICw0Rw_8sxIGT09k,2022-06-15,17,89,26,9,11,10
MA,Morocco,ChIJjcVRlmGICw0Rw_8sxIGT09k,2022-06-16,19,92,26,9,12,9
MA,Morocco,ChIJjcVRlmGICw0Rw_8sxIGT09k,2022-06-17,17,97,29,9,16,10
MA,Morocco,ChIJjcVRlmGICw0Rw_8sxIGT09k,2022-06-18,15,85,32,8,17,9
MA,Morocco,ChIJjcVRlmGICw0Rw_8sxIGT09k,2022-06-19,14,78,37,5,9,9
MA,Morocco,ChIJjcVRlmGICw0Rw_8sxIGT09k,2022-06-20,18,89,27,14,11,9
MA,Morocco,ChIJjcVRlmGICw0Rw_8sxIGT09k,2022-06-21,18,90,27,11,10,10
MA,Morocco,ChIJjcVRlmGICw0Rw_8sxIGT09k,2022-06-22,18,89,28,11,9,10
MA,Morocco,ChIJjcVRlmGICw0Rw_8sxIGT09k,2022-06-23,19,95,30,12,10,9
MA,Morocco,ChIJjcVRlmGICw0Rw_8sxIGT09k,2022-06-24,18,98,30,10,13,10
MA,Morocco,ChIJjcVRlmGICw0Rw_8sxIGT09k,2022-06-25,13,82,28,6,13,10
MA,Morocco,ChIJjcVRlmGICw0Rw_8sxIGT09k,2022-06-26,12,77,32,5,8,10
MA,Morocco,ChIJjcVRlmGICw0Rw_8sxIGT09k,2022-06-27,19,89,28,14,9,9
MA,Morocco,ChIJjcVRlmGICw0Rw_8sxIGT09k,2022-06-28,19,91,31,11,7,10
MA,Morocco,ChIJjcVRlmGICw0Rw_8sxIGT09k,2022-06-29,21,93,31,12,7,10
MA,Morocco,ChIJjcVRlmGICw0Rw_8sxIGT09k,2022-06-30,24,103,34,16,7,9
MA,Morocco,ChIJjcVRlmGICw0Rw_8sxIGT09k,2022-07-01,24,113,36,17,13,10
MA,Morocco,ChIJjcVRlmGICw0Rw_8sxIGT09k,2022-07-02,20,99,33,16,15,9
MA,Morocco,ChIJjcVRlmGICw0Rw_8sxIGT09k,2022-07-03,22,100,42,17,15,8
MA,Morocco,ChIJjcVRlmGICw0Rw_8sxIGT09k,2022-07-04,29,110,42,25,7,8
MA,Morocco,ChIJjcVRlmGICw0Rw_8sxIGT09k,2022-07-05,33,121,49,27,7,7
MA,Morocco,ChIJjcVRlmGICw0Rw_8sxIGT09k,2022-07-06,36,129,54,32,4,7
MA,Morocco,ChIJjcVRlmGICw0Rw_8sxIGT09k,2022-07-07,40,144,57,39,0,6
MA,Morocco,ChIJjcVRlmGICw0Rw_8sxIGT09k,2022-07-08,32,155,56,36,-9,10
MA,Morocco,ChIJjcVRlmGICw0Rw_8sxIGT09k,2022-07-09,21,142,50,24,-25,10
MA,Morocco,ChIJjcVRlmGICw0Rw_8sxIGT09k,2022-07-10,-21,35,25,-22,-41,13
MA,Morocco,ChIJjcVRlmGICw0Rw_8sxIGT09k,2022-07-11,1,52,78,-9,-69,14
MA,Morocco,ChIJjcVRlmGICw0Rw_8sxIGT09k,2022-07-12,15,72,89,9,-40,10
MA,Morocco,ChIJjcVRlmGICw0Rw_8sxIGT09k,2022-07-13,23,84,93,15,-28,10
MA,Morocco,ChIJjcVRlmGICw0Rw_8sxIGT09k,2022-07-14,28,95,97,19,-23,9
MA,Morocco,ChIJjcVRlmGICw0Rw_8sxIGT09k,2022-07-15,22,95,86,14,-17,12
MA,Morocco,ChIJjcVRlmGICw0Rw_8sxIGT09k,2022-07-16,18,83,81,18,-11,9
MA,Morocco,ChIJjcVRlmGICw0Rw_8sxIGT09k,2022-07-17,22,86,85,22,-2,6
MA,Morocco,ChIJjcVRlmGICw0Rw_8sxIGT09k,2022-07-18,39,108,97,35,-7,9
MA,Morocco,ChIJjcVRlmGICw0Rw_8sxIGT09k,2022-07-19,35,107,93,28,-8,15
MA,Morocco,ChIJjcVRlmGICw0Rw_8sxIGT09k,2022-07-20,37,111,96,29,-7,8
MA,Morocco,ChIJjcVRlmGICw0Rw_8sxIGT09k,2022-07-21,39,116,100,30,-6,7
MA,Morocco,ChIJjcVRlmGICw0Rw_8sxIGT09k,2022-07-22,35,121,94,27,-1,8
MA,Morocco,ChIJjcVRlmGICw0Rw_8sxIGT09k,2022-07-23,27,98,84,23,2,7
MA,Morocco,ChIJjcVRlmGICw0Rw_8sxIGT09k,2022-07-24,16,79,76,12,-4,7
MA,Morocco,ChIJjcVRlmGICw0Rw_8sxIGT09k,2022-07-25,38,110,91,30,-5,9
MA,Morocco,ChIJjcVRlmGICw0Rw_8sxIGT09k,2022-07-26,43,121,104,31,-4,7
MA,Morocco,ChIJjcVRlmGICw0Rw_8sxIGT09k,2022-07-27,44,126,100,32,-4,7
MA,Morocco,ChIJjcVRlmGICw0Rw_8sxIGT09k,2022-07-28,48,130,100,34,-3,7
MA,Morocco,ChIJjcVRlmGICw0Rw_8sxIGT09k,2022-07-29,44,138,96,33,0,7
MA,Morocco,ChIJjcVRlmGICw0Rw_8sxIGT09k,2022-07-30,32,110,90,27,-7,8
MA,Morocco,ChIJjcVRlmGICw0Rw_8sxIGT09k,2022-07-31,36,110,98,29,7,5
MA,Morocco,ChIJjcVRlmGICw0Rw_8sxIGT09k,2022-08-01,52,135,111,43,-7,6
MA,Morocco,ChIJjcVRlmGICw0Rw_8sxIGT09k,2022-08-02,50,133,113,36,-8,8
MA,Morocco,ChIJjcVRlmGICw0Rw_8sxIGT09k,2022-08-03,52,137,118,36,-8,8
MA,Morocco,ChIJjcVRlmGICw0Rw_8sxIGT09k,2022-08-04,54,142,121,38,-8,7
MA,Morocco,ChIJjcVRlmGICw0Rw_8sxIGT09k,2022-08-05,48,145,113,34,-5,8
MA,Morocco,ChIJjcVRlmGICw0Rw_8sxIGT09k,2022-08-06,38,120,104,33,1,7
MA,Morocco,ChIJjcVRlmGICw0Rw_8sxIGT09k,2022-08-07,40,120,114,33,5,5
MA,Morocco,ChIJjcVRlmGICw0Rw_8sxIGT09k,2022-08-08,51,135,122,41,-13,7
MA,Morocco,ChIJjcVRlmGICw0Rw_8sxIGT09k,2022-08-09,52,138,127,37,-12,7
MA,Morocco,ChIJjcVRlmGICw0Rw_8sxIGT09k,2022-08-10,52,135,125,36,-11,7
MA,Morocco,ChIJjcVRlmGICw0Rw_8sxIGT09k,2022-08-11,51,137,126,35,-11,7
MA,Morocco,ChIJjcVRlmGICw0Rw_8sxIGT09k,2022-08-12,44,136,115,30,-7,9
MA,Morocco,ChIJjcVRlmGICw0Rw_8sxIGT09k,2022-08-13,34,111,102,29,4,7
MA,Morocco,ChIJjcVRlmGICw0Rw_8sxIGT09k,2022-08-14,39,113,113,31,11,6
MA,Morocco,ChIJjcVRlmGICw0Rw_8sxIGT09k,2022-08-15,53,134,125,40,-12,9
MA,Morocco,ChIJjcVRlmGICw0Rw_8sxIGT09k,2022-08-16,50,134,124,32,-11,9
MA,Morocco,ChIJjcVRlmGICw0Rw_8sxIGT09k,2022-08-17,50,135,122,33,-10,11
MA,Morocco,ChIJjcVRlmGICw0Rw_8sxIGT09k,2022-08-18,51,137,123,35,-9,10
MA,Morocco,ChIJjcVRlmGICw0Rw_8sxIGT09k,2022-08-19,43,137,110,28,-6,12
MA,Morocco,ChIJjcVRlmGICw0Rw_8sxIGT09k,2022-08-20,33,112,100,25,-3,11
MA,Morocco,ChIJjcVRlmGICw0Rw_8sxIGT09k,2022-08-21,35,108,105,26,14,8
MA,Morocco,ChIJjcVRlmGICw0Rw_8sxIGT09k,2022-08-22,46,124,108,35,-8,10
MA,Morocco,ChIJjcVRlmGICw0Rw_8sxIGT09k,2022-08-23,45,127,108,29,-7,11
MA,Morocco,ChIJjcVRlmGICw0Rw_8sxIGT09k,2022-08-24,43,125,100,27,-7,11
MA,Morocco,ChIJjcVRlmGICw0Rw_8sxIGT09k,2022-08-25,43,127,98,28,-6,11
MA,Morocco,ChIJjcVRlmGICw0Rw_8sxIGT09k,2022-08-26,36,125,86,22,-1,12
MA,Morocco,ChIJjcVRlmGICw0Rw_8sxIGT09k,2022-08-27,28,105,72,21,10,10
MA,Morocco,ChIJjcVRlmGICw0Rw_8sxIGT09k,2022-08-28,29,100,73,19,18,9
MA,Morocco,ChIJjcVRlmGICw0Rw_8sxIGT09k,2022-08-29,38,115,72,28,-2,9
MA,Morocco,ChIJjcVRlmGICw0Rw_8sxIGT09k,2022-08-30,37,116,63,21,-1,10
MA,Morocco,ChIJjcVRlmGICw0Rw_8sxIGT09k,2022-08-31,39,117,65,22,0,9
MA,Morocco,ChIJjcVRlmGICw0Rw_8sxIGT09k,2022-09-01,42,127,63,28,2,8
MA,Morocco,ChIJjcVRlmGICw0Rw_8sxIGT09k,2022-09-02,36,128,57,23,8,9
MA,Morocco,ChIJjcVRlmGICw0Rw_8sxIGT09k,2022-09-03,31,110,48,20,17,9
MA,Morocco,ChIJjcVRlmGICw0Rw_8sxIGT09k,2022-09-04,32,107,48,19,22,8
MA,Morocco,ChIJjcVRlmGICw0Rw_8sxIGT09k,2022-09-05,38,120,51,27,6,7
MA,Morocco,ChIJjcVRlmGICw0Rw_8sxIGT09k,2022-09-06,36,118,48,21,6,9
MA,Morocco,ChIJjcVRlmGICw0Rw_8sxIGT09k,2022-09-07,36,116,49,20,7,9
MA,Morocco,ChIJjcVRlmGICw0Rw_8sxIGT09k,2022-09-08,35,116,48,20,8,9
MA,Morocco,ChIJjcVRlmGICw0Rw_8sxIGT09k,2022-09-09,30,116,46,17,13,10
MA,Morocco,ChIJjcVRlmGICw0Rw_8sxIGT09k,2022-09-10,25,97,38,13,20,10
MA,Morocco,ChIJjcVRlmGICw0Rw_8sxIGT09k,2022-09-11,25,95,40,12,24,9
MA,Morocco,ChIJjcVRlmGICw0Rw_8sxIGT09k,2022-09-12,30,106,40,21,10,8
MA,Morocco,ChIJjcVRlmGICw0Rw_8sxIGT09k,2022-09-13,32,106,37,16,9,9
MA,Morocco,ChIJjcVRlmGICw0Rw_8sxIGT09k,2022-09-14,30,104,39,15,9,9
MA,Morocco,ChIJjcVRlmGICw0Rw_8sxIGT09k,2022-09-15,28,106,37,16,10,8
MA,Morocco,ChIJjcVRlmGICw0Rw_8sxIGT09k,2022-09-16,25,108,35,13,17,10
MA,Morocco,ChIJjcVRlmGICw0Rw_8sxIGT09k,2022-09-17,22,93,33,11,22,10
MA,Morocco,ChIJjcVRlmGICw0Rw_8sxIGT09k,2022-09-18,23,87,32,8,23,10
MA,Morocco,ChIJjcVRlmGICw0Rw_8sxIGT09k,2022-09-19,26,99,36,19,12,8
MA,Morocco,ChIJjcVRlmGICw0Rw_8sxIGT09k,2022-09-20,26,100,35,13,12,9
MA,Morocco,ChIJjcVRlmGICw0Rw_8sxIGT09k,2022-09-21,25,99,34,13,11,9
MA,Morocco,ChIJjcVRlmGICw0Rw_8sxIGT09k,2022-09-22,26,101,33,13,12,9
MA,Morocco,ChIJjcVRlmGICw0Rw_8sxIGT09k,2022-09-23,23,99,28,10,19,10
MA,Morocco,ChIJjcVRlmGICw0Rw_8sxIGT09k,2022-09-24,19,89,29,8,22,10
MA,Morocco,ChIJjcVRlmGICw0Rw_8sxIGT09k,2022-09-25,18,84,24,5,21,10
MA,Morocco,ChIJjcVRlmGICw0Rw_8sxIGT09k,2022-09-26,24,96,31,16,16,9
MA,Morocco,ChIJjcVRlmGICw0Rw_8sxIGT09k,2022-09-27,24,91,25,10,15,9
MA,Morocco,ChIJjcVRlmGICw0Rw_8sxIGT09k,2022-09-28,24,98,30,12,15,9
MA,Morocco,ChIJjcVRlmGICw0Rw_8sxIGT09k,2022-09-29,26,103,29,13,16,8
MA,Morocco,ChIJjcVRlmGICw0Rw_8sxIGT09k,2022-09-30,26,109,28,15,24,9
MA,Morocco,ChIJjcVRlmGICw0Rw_8sxIGT09k,2022-10-01,25,101,30,13,27,9
MA,Morocco,ChIJjcVRlmGICw0Rw_8sxIGT09k,2022-10-02,24,95,30,9,23,10
MA,Morocco,ChIJjcVRlmGICw0Rw_8sxIGT09k,2022-10-03,27,101,34,21,20,8
MA,Morocco,ChIJjcVRlmGICw0Rw_8sxIGT09k,2022-10-04,28,102,32,16,20,9
MA,Morocco,ChIJjcVRlmGICw0Rw_8sxIGT09k,2022-10-05,29,105,33,17,20,9
MA,Morocco,ChIJjcVRlmGICw0Rw_8sxIGT09k,2022-10-06,28,107,31,18,23,8
MA,Morocco,ChIJjcVRlmGICw0Rw_8sxIGT09k,2022-10-07,26,112,31,21,26,8
MA,Morocco,ChIJjcVRlmGICw0Rw_8sxIGT09k,2022-10-08,24,102,30,17,22,8
MA,Morocco,ChIJjcVRlmGICw0Rw_8sxIGT09k,2022-10-09,17,71,39,3,4,8
MA,Morocco,ChIJjcVRlmGICw0Rw_8sxIGT09k,2022-10-10,22,85,40,10,-33,12
MA,Morocco,ChIJjcVRlmGICw0Rw_8sxIGT09k,2022-10-11,22,93,26,14,19,8
MA,Morocco,ChIJjcVRlmGICw0Rw_8sxIGT09k,2022-10-12,24,93,26,12,19,9
MA,Morocco,ChIJjcVRlmGICw0Rw_8sxIGT09k,2022-10-13,24,101,30,14,20,8
MA,Morocco,ChIJjcVRlmGICw0Rw_8sxIGT09k,2022-10-14,22,102,28,11,26,10
MA,Morocco,ChIJjcVRlmGICw0Rw_8sxIGT09k,2022-10-15,19,89,25,8,27,10
MA,Morocco,ChIJsSpoj4Azpg0RdqFGLh2Vh80,2022-01-01,7,44,-3,-12,-21,9
MA,Morocco,ChIJsSpoj4Azpg0RdqFGLh2Vh80,2022-01-02,10,37,-6,-7,3,5
MA,Morocco,ChIJsSpoj4Azpg0RdqFGLh2Vh80,2022-01-03,14,62,-7,-5,7,8
MA,Morocco,ChIJsSpoj4Azpg0RdqFGLh2Vh80,2022-01-04,15,69,-11,-3,6,8
MA,Morocco,ChIJsSpoj4Azpg0RdqFGLh2Vh80,2022-01-05,16,68,-8,-5,5,9
MA,Morocco,ChIJsSpoj4Azpg0RdqFGLh2Vh80,2022-01-06,11,66,-20,-12,4,10
MA,Morocco,ChIJsSpoj4Azpg0RdqFGLh2Vh80,2022-01-07,12,74,-10,-26,6,11
MA,Morocco,ChIJsSpoj4Azpg0RdqFGLh2Vh80,2022-01-08,12,59,-1,-32,14,10
MA,Morocco,ChIJsSpoj4Azpg0RdqFGLh2Vh80,2022-01-09,8,36,-3,-40,4,10
MA,Morocco,ChIJsSpoj4Azpg0RdqFGLh2Vh80,2022-01-10,12,57,-10,-31,-3,10
MA,Morocco,ChIJsSpoj4Azpg0RdqFGLh2Vh80,2022-01-11,10,50,-10,-43,-52,20
MA,Morocco,ChIJsSpoj4Azpg0RdqFGLh2Vh80,2022-01-12,9,57,-15,-30,1,11
MA,Morocco,ChIJsSpoj4Azpg0RdqFGLh2Vh80,2022-01-13,9,60,-15,-29,-1,11
MA,Morocco,ChIJsSpoj4Azpg0RdqFGLh2Vh80,2022-01-14,7,57,-17,-32,3,12
MA,Morocco,ChIJsSpoj4Azpg0RdqFGLh2Vh80,2022-01-15,10,49,-4,-36,15,10
MA,Morocco,ChIJsSpoj4Azpg0RdqFGLh2Vh80,2022-01-16,8,29,-3,-40,5,9
MA,Morocco,ChIJsSpoj4Azpg0RdqFGLh2Vh80,2022-01-17,10,51,-9,-31,4,9
MA,Morocco,ChIJsSpoj4Azpg0RdqFGLh2Vh80,2022-01-18,11,52,-15,-30,3,9
MA,Morocco,ChIJsSpoj4Azpg0RdqFGLh2Vh80,2022-01-19,14,58,-8,-29,3,10
MA,Morocco,ChIJsSpoj4Azpg0RdqFGLh2Vh80,2022-01-20,13,57,-14,-27,4,10
MA,Morocco,ChIJsSpoj4Azpg0RdqFGLh2Vh80,2022-01-21,13,66,-10,-26,8,10
MA,Morocco,ChIJsSpoj4Azpg0RdqFGLh2Vh80,2022-01-22,14,54,0,-30,18,9
MA,Morocco,ChIJsSpoj4Azpg0RdqFGLh2Vh80,2022-01-23,11,32,2,-36,8,8
MA,Morocco,ChIJsSpoj4Azpg0RdqFGLh2Vh80,2022-01-24,14,53,-5,-29,8,9
MA,Morocco,ChIJsSpoj4Azpg0RdqFGLh2Vh80,2022-01-25,17,51,-15,-30,7,8
MA,Morocco,ChIJsSpoj4Azpg0RdqFGLh2Vh80,2022-01-26,14,52,-11,-30,6,9
MA,Morocco,ChIJsSpoj4Azpg0RdqFGLh2Vh80,2022-01-27,16,60,-11,-26,7,8
MA,Morocco,ChIJsSpoj4Azpg0RdqFGLh2Vh80,2022-01-28,16,67,-10,-26,11,9
MA,Morocco,ChIJsSpoj4Azpg0RdqFGLh2Vh80,2022-01-29,17,55,-3,-29,20,7
MA,Morocco,ChIJsSpoj4Azpg0RdqFGLh2Vh80,2022-01-30,12,28,-9,-37,10,7
MA,Morocco,ChIJsSpoj4Azpg0RdqFGLh2Vh80,2022-01-31,18,59,-2,-25,9,7
MA,Morocco,ChIJsSpoj4Azpg0RdqFGLh2Vh80,2022-02-01,23,70,2,-22,9,7
MA,Morocco,ChIJsSpoj4Azpg0RdqFGLh2Vh80,2022-02-02,24,69,-1,-22,8,7
MA,Morocco,ChIJsSpoj4Azpg0RdqFGLh2Vh80,2022-02-03,22,68,-6,-20,7,7
MA,Morocco,ChIJsSpoj4Azpg0RdqFGLh2Vh80,2022-02-04,19,71,-4,-19,9,8
MA,Morocco,ChIJsSpoj4Azpg0RdqFGLh2Vh80,2022-02-05,16,52,-4,-25,14,7
MA,Morocco,ChIJsSpoj4Azpg0RdqFGLh2Vh80,2022-02-06,21,36,10,-27,6,4
MA,Morocco,ChIJsSpoj4Azpg0RdqFGLh2Vh80,2022-02-07,23,61,9,-11,-1,6
MA,Morocco,ChIJsSpoj4Azpg0RdqFGLh2Vh80,2022-02-08,26,65,8,-10,-3,5
MA,Morocco,ChIJsSpoj4Azpg0RdqFGLh2Vh80,2022-02-09,25,64,4,-11,-3,5
MA,Morocco,ChIJsSpoj4Azpg0RdqFGLh2Vh80,2022-02-10,26,67,4,-6,-4,5
MA,Morocco,ChIJsSpoj4Azpg0RdqFGLh2Vh80,2022-02-11,23,68,-1,-9,-1,6
MA,Morocco,ChIJsSpoj4Azpg0RdqFGLh2Vh80,2022-02-12,22,55,7,-12,8,4
MA,Morocco,ChIJsSpoj4Azpg0RdqFGLh2Vh80,2022-02-13,22,42,11,-11,6,3
MA,Morocco,ChIJsSpoj4Azpg0RdqFGLh2Vh80,2022-02-14,25,63,2,-12,12,5
MA,Morocco,ChIJsSpoj4Azpg0RdqFGLh2Vh80,2022-02-15,24,62,-4,-13,11,6
MA,Morocco,ChIJsSpoj4Azpg0RdqFGLh2Vh80,2022-02-16,24,65,1,-15,11,6
MA,Morocco,ChIJsSpoj4Azpg0RdqFGLh2Vh80,2022-02-17,23,67,-3,-10,11,6
MA,Morocco,ChIJsSpoj4Azpg0RdqFGLh2Vh80,2022-02-18,24,75,0,-9,15,6
MA,Morocco,ChIJsSpoj4Azpg0RdqFGLh2Vh80,2022-02-19,19,58,-3,-14,21,7
MA,Morocco,ChIJsSpoj4Azpg0RdqFGLh2Vh80,2022-02-20,22,45,15,-15,11,6
MA,Morocco,ChIJsSpoj4Azpg0RdqFGLh2Vh80,2022-02-21,24,65,6,-10,14,6
MA,Morocco,ChIJsSpoj4Azpg0RdqFGLh2Vh80,2022-02-22,25,67,4,-9,13,5
MA,Morocco,ChIJsSpoj4Azpg0RdqFGLh2Vh80,2022-02-23,23,64,-1,-11,12,5
MA,Morocco,ChIJsSpoj4Azpg0RdqFGLh2Vh80,2022-02-24,16,61,-15,-8,12,7
MA,Morocco,ChIJsSpoj4Azpg0RdqFGLh2Vh80,2022-02-25,24,76,1,-4,16,6
MA,Morocco,ChIJsSpoj4Azpg0RdqFGLh2Vh80,2022-02-26,25,63,7,-8,23,5
MA,Morocco,ChIJsSpoj4Azpg0RdqFGLh2Vh80,2022-02-27,20,47,7,-11,12,5
MA,Morocco,ChIJsSpoj4Azpg0RdqFGLh2Vh80,2022-02-28,24,67,9,-7,13,5
MA,Morocco,ChIJsSpoj4Azpg0RdqFGLh2Vh80,2022-03-01,30,75,8,-2,11,5
MA,Morocco,ChIJsSpoj4Azpg0RdqFGLh2Vh80,2022-03-02,28,78,11,-4,11,5
MA,Morocco,ChIJsSpoj4Azpg0RdqFGLh2Vh80,2022-03-03,25,80,5,0,11,5
MA,Morocco,ChIJsSpoj4Azpg0RdqFGLh2Vh80,2022-03-04,25,84,4,2,15,6
MA,Morocco,ChIJsSpoj4Azpg0RdqFGLh2Vh80,2022-03-05,26,70,11,-2,21,4
MA,Morocco,ChIJsSpoj4Azpg0RdqFGLh2Vh80,2022-03-06,20,51,0,-6,11,6
MA,Morocco,ChIJsSpoj4Azpg0RdqFGLh2Vh80,2022-03-07,25,70,10,-2,16,6
MA,Morocco,ChIJsSpoj4Azpg0RdqFGLh2Vh80,2022-03-08,28,77,10,0,15,6
MA,Morocco,ChIJsSpoj4Azpg0RdqFGLh2Vh80,2022-03-09,25,74,6,-4,15,6
MA,Morocco,ChIJsSpoj4Azpg0RdqFGLh2Vh80,2022-03-10,21,74,2,1,15,6
MA,Morocco,ChIJsSpoj4Azpg0RdqFGLh2Vh80,2022-03-11,19,77,1,1,18,7
MA,Morocco,ChIJsSpoj4Azpg0RdqFGLh2Vh80,2022-03-12,21,69,10,-4,24,7
MA,Morocco,ChIJsSpoj4Azpg0RdqFGLh2Vh80,2022-03-13,19,56,13,-2,13,6
MA,Morocco,ChIJsSpoj4Azpg0RdqFGLh2Vh80,2022-03-14,11,53,-8,-8,16,9
MA,Morocco,ChIJsSpoj4Azpg0RdqFGLh2Vh80,2022-03-15,21,72,3,-2,16,7
MA,Morocco,ChIJsSpoj4Azpg0RdqFGLh2Vh80,2022-03-16,19,70,-2,-4,16,8
MA,Morocco,ChIJsSpoj4Azpg0RdqFGLh2Vh80,2022-03-17,18,72,1,1,16,7
MA,Morocco,ChIJsSpoj4Azpg0RdqFGLh2Vh80,2022-03-18,19,77,4,1,19,8
MA,Morocco,ChIJsSpoj4Azpg0RdqFGLh2Vh80,2022-03-19,20,67,13,-1,25,6
MA,Morocco,ChIJsSpoj4Azpg0RdqFGLh2Vh80,2022-03-20,19,53,4,-1,14,6
MA,Morocco,ChIJsSpoj4Azpg0RdqFGLh2Vh80,2022-03-21,20,68,12,0,18,7
MA,Morocco,ChIJsSpoj4Azpg0RdqFGLh2Vh80,2022-03-22,20,71,7,0,17,7
MA,Morocco,ChIJsSpoj4Azpg0RdqFGLh2Vh80,2022-03-23,13,59,-12,-5,15,8
MA,Morocco,ChIJsSpoj4Azpg0RdqFGLh2Vh80,2022-03-24,21,76,3,3,17,7
MA,Morocco,ChIJsSpoj4Azpg0RdqFGLh2Vh80,2022-03-25,16,72,-7,2,18,8
MA,Morocco,ChIJsSpoj4Azpg0RdqFGLh2Vh80,2022-03-26,20,68,10,2,25,6
MA,Morocco,ChIJsSpoj4Azpg0RdqFGLh2Vh80,2022-03-27,19,58,12,3,15,4
MA,Morocco,ChIJsSpoj4Azpg0RdqFGLh2Vh80,2022-03-28,21,68,7,2,19,6
MA,Morocco,ChIJsSpoj4Azpg0RdqFGLh2Vh80,2022-03-29,25,62,-7,2,16,7
MA,Morocco,ChIJsSpoj4Azpg0RdqFGLh2Vh80,2022-03-30,23,77,0,3,17,7
MA,Morocco,ChIJsSpoj4Azpg0RdqFGLh2Vh80,2022-03-31,25,87,3,10,17,6
MA,Morocco,ChIJsSpoj4Azpg0RdqFGLh2Vh80,2022-04-01,27,98,11,10,20,7
MA,Morocco,ChIJsSpoj4Azpg0RdqFGLh2Vh80,2022-04-02,27,97,7,4,23,7
MA,Morocco,ChIJsSpoj4Azpg0RdqFGLh2Vh80,2022-04-03,-10,60,-18,-19,4,14
MA,Morocco,ChIJsSpoj4Azpg0RdqFGLh2Vh80,2022-04-04,-11,57,-11,-14,0,15
MA,Morocco,ChIJsSpoj4Azpg0RdqFGLh2Vh80,2022-04-05,-17,47,-25,-17,-2,17
MA,Morocco,ChIJsSpoj4Azpg0RdqFGLh2Vh80,2022-04-06,-5,66,-8,-15,-1,15
MA,Morocco,ChIJsSpoj4Azpg0RdqFGLh2Vh80,2022-04-07,-3,70,-3,-10,0,14
MA,Morocco,ChIJsSpoj4Azpg0RdqFGLh2Vh80,2022-04-08,-2,76,2,-9,3,16
MA,Morocco,ChIJsSpoj4Azpg0RdqFGLh2Vh80,2022-04-09,-1,65,-5,-15,9,13
MA,Morocco,ChIJsSpoj4Azpg0RdqFGLh2Vh80,2022-04-10,-6,52,-12,-17,7,12
MA,Morocco,ChIJsSpoj4Azpg0RdqFGLh2Vh80,2022-04-11,-3,59,0,-11,12,13
MA,Morocco,ChIJsSpoj4Azpg0RdqFGLh2Vh80,2022-04-12,-1,65,-1,-10,10,14
MA,Morocco,ChIJsSpoj4Azpg0RdqFGLh2Vh80,2022-04-13,-1,65,-3,-13,10,14
MA,Morocco,ChIJsSpoj4Azpg0RdqFGLh2Vh80,2022-04-14,-1,65,-3,-8,10,14
MA,Morocco,ChIJsSpoj4Azpg0RdqFGLh2Vh80,2022-04-15,0,74,2,-6,14,15
MA,Morocco,ChIJsSpoj4Azpg0RdqFGLh2Vh80,2022-04-16,0,61,-3,-13,17,13
MA,Morocco,ChIJsSpoj4Azpg0RdqFGLh2Vh80,2022-04-17,-2,52,-4,-13,9,12
MA,Morocco,ChIJsSpoj4Azpg0RdqFGLh2Vh80,2022-04-18,1,60,5,-8,10,14
MA,Morocco,ChIJsSpoj4Azpg0RdqFGLh2Vh80,2022-04-19,1,65,1,-7,11,13
MA,Morocco,ChIJsSpoj4Azpg0RdqFGLh2Vh80,2022-04-20,2,67,-2,-8,11,14
MA,Morocco,ChIJsSpoj4Azpg0RdqFGLh2Vh80,2022-04-21,3,73,0,-4,12,13
MA,Morocco,ChIJsSpoj4Azpg0RdqFGLh2Vh80,2022-04-22,7,76,-5,-6,14,14
MA,Morocco,ChIJsSpoj4Azpg0RdqFGLh2Vh80,2022-04-23,6,68,-3,-8,18,13
MA,Morocco,ChIJsSpoj4Azpg0RdqFGLh2Vh80,2022-04-24,2,61,-1,-7,13,12
MA,Morocco,ChIJsSpoj4Azpg0RdqFGLh2Vh80,2022-04-25,6,65,5,-5,11,13
MA,Morocco,ChIJsSpoj4Azpg0RdqFGLh2Vh80,2022-04-26,5,72,4,-5,10,13
MA,Morocco,ChIJsSpoj4Azpg0RdqFGLh2Vh80,2022-04-27,8,78,4,-3,9,13
MA,Morocco,ChIJsSpoj4Azpg0RdqFGLh2Vh80,2022-04-28,6,83,1,4,8,11
MA,Morocco,ChIJsSpoj4Azpg0RdqFGLh2Vh80,2022-04-29,14,96,7,5,7,12
MA,Morocco,ChIJsSpoj4Azpg0RdqFGLh2Vh80,2022-04-30,7,82,1,3,9,11
MA,Morocco,ChIJsSpoj4Azpg0RdqFGLh2Vh80,2022-05-01,9,81,-3,-1,8,10
MA,Morocco,ChIJsSpoj4Azpg0RdqFGLh2Vh80,2022-05-02,0,31,22,-12,-79,10
MA,Morocco,ChIJsSpoj4Azpg0RdqFGLh2Vh80,2022-05-03,-2,30,-3,-19,-74,12
MA,Morocco,ChIJsSpoj4Azpg0RdqFGLh2Vh80,2022-05-04,10,52,-4,-6,-14,9
MA,Morocco,ChIJsSpoj4Azpg0RdqFGLh2Vh80,2022-05-05,12,63,-4,-2,-6,10
MA,Morocco,ChIJsSpoj4Azpg0RdqFGLh2Vh80,2022-05-06,14,65,0,-4,-2,11
MA,Morocco,ChIJsSpoj4Azpg0RdqFGLh2Vh80,2022-05-07,11,51,10,-3,4,9
MA,Morocco,ChIJsSpoj4Azpg0RdqFGLh2Vh80,2022-05-08,13,43,19,8,5,5
MA,Morocco,ChIJsSpoj4Azpg0RdqFGLh2Vh80,2022-05-09,20,66,15,5,14,7
MA,Morocco,ChIJsSpoj4Azpg0RdqFGLh2Vh80,2022-05-10,22,70,16,6,12,7
MA,Morocco,ChIJsSpoj4Azpg0RdqFGLh2Vh80,2022-05-11,22,69,12,4,12,6
MA,Morocco,ChIJsSpoj4Azpg0RdqFGLh2Vh80,2022-05-12,20,70,7,6,13,7
MA,Morocco,ChIJsSpoj4Azpg0RdqFGLh2Vh80,2022-05-13,25,75,12,6,17,7
MA,Morocco,ChIJsSpoj4Azpg0RdqFGLh2Vh80,2022-05-14,20,64,23,3,21,6
MA,Morocco,ChIJsSpoj4Azpg0RdqFGLh2Vh80,2022-05-15,17,49,30,2,9,5
MA,Morocco,ChIJsSpoj4Azpg0RdqFGLh2Vh80,2022-05-16,20,66,14,3,16,7
MA,Morocco,ChIJsSpoj4Azpg0RdqFGLh2Vh80,2022-05-17,21,69,15,4,14,6
MA,Morocco,ChIJsSpoj4Azpg0RdqFGLh2Vh80,2022-05-18,21,66,11,3,13,7
MA,Morocco,ChIJsSpoj4Azpg0RdqFGLh2Vh80,2022-05-19,21,70,12,5,13,6
MA,Morocco,ChIJsSpoj4Azpg0RdqFGLh2Vh80,2022-05-20,21,75,11,6,16,7
MA,Morocco,ChIJsSpoj4Azpg0RdqFGLh2Vh80,2022-05-21,18,63,25,1,20,6
MA,Morocco,ChIJsSpoj4Azpg0RdqFGLh2Vh80,2022-05-22,18,48,29,-2,8,5
MA,Morocco,ChIJsSpoj4Azpg0RdqFGLh2Vh80,2022-05-23,19,63,16,1,15,7
MA,Morocco,ChIJsSpoj4Azpg0RdqFGLh2Vh80,2022-05-24,20,68,13,1,13,7
MA,Morocco,ChIJsSpoj4Azpg0RdqFGLh2Vh80,2022-05-25,22,68,15,2,12,7
MA,Morocco,ChIJsSpoj4Azpg0RdqFGLh2Vh80,2022-05-26,22,71,15,5,11,6
MA,Morocco,ChIJsSpoj4Azpg0RdqFGLh2Vh80,2022-05-27,22,78,17,6,16,6
MA,Morocco,ChIJsSpoj4Azpg0RdqFGLh2Vh80,2022-05-28,20,59,17,-2,20,5
MA,Morocco,ChIJsSpoj4Azpg0RdqFGLh2Vh80,2022-05-29,19,51,34,-2,9,5
MA,Morocco,ChIJsSpoj4Azpg0RdqFGLh2Vh80,2022-05-30,28,60,25,2,13,6
MA,Morocco,ChIJsSpoj4Azpg0RdqFGLh2Vh80,2022-05-31,24,73,17,6,12,7
MA,Morocco,ChIJsSpoj4Azpg0RdqFGLh2Vh80,2022-06-01,26,75,18,5,12,6
MA,Morocco,ChIJsSpoj4Azpg0RdqFGLh2Vh80,2022-06-02,24,78,15,9,12,6
MA,Morocco,ChIJsSpoj4Azpg0RdqFGLh2Vh80,2022-06-03,23,82,20,9,15,7
MA,Morocco,ChIJsSpoj4Azpg0RdqFGLh2Vh80,2022-06-04,22,70,29,3,20,5
MA,Morocco,ChIJsSpoj4Azpg0RdqFGLh2Vh80,2022-06-05,19,55,40,1,9,4
MA,Morocco,ChIJsSpoj4Azpg0RdqFGLh2Vh80,2022-06-06,24,72,25,6,12,7
MA,Morocco,ChIJsSpoj4Azpg0RdqFGLh2Vh80,2022-06-07,24,74,20,6,11,7
MA,Morocco,ChIJsSpoj4Azpg0RdqFGLh2Vh80,2022-06-08,24,72,21,3,10,7
MA,Morocco,ChIJsSpoj4Azpg0RdqFGLh2Vh80,2022-06-09,23,71,13,5,10,7
MA,Morocco,ChIJsSpoj4Azpg0RdqFGLh2Vh80,2022-06-10,21,78,27,6,14,7
MA,Morocco,ChIJsSpoj4Azpg0RdqFGLh2Vh80,2022-06-11,17,63,34,1,20,6
MA,Morocco,ChIJsSpoj4Azpg0RdqFGLh2Vh80,2022-06-12,14,48,44,1,10,5
MA,Morocco,ChIJsSpoj4Azpg0RdqFGLh2Vh80,2022-06-13,22,63,18,2,11,7
MA,Morocco,ChIJsSpoj4Azpg0RdqFGLh2Vh80,2022-06-14,21,70,22,4,10,8
MA,Morocco,ChIJsSpoj4Azpg0RdqFGLh2Vh80,2022-06-15,21,68,16,2,9,8
MA,Morocco,ChIJsSpoj4Azpg0RdqFGLh2Vh80,2022-06-16,22,68,11,3,9,8
MA,Morocco,ChIJsSpoj4Azpg0RdqFGLh2Vh80,2022-06-17,21,77,18,4,12,8
MA,Morocco,ChIJsSpoj4Azpg0RdqFGLh2Vh80,2022-06-18,19,64,30,0,18,7
MA,Morocco,ChIJsSpoj4Azpg0RdqFGLh2Vh80,2022-06-19,16,46,33,-2,10,6
MA,Morocco,ChIJsSpoj4Azpg0RdqFGLh2Vh80,2022-06-20,22,67,22,4,10,8
MA,Morocco,ChIJsSpoj4Azpg0RdqFGLh2Vh80,2022-06-21,23,70,23,5,9,8
MA,Morocco,ChIJsSpoj4Azpg0RdqFGLh2Vh80,2022-06-22,22,66,17,2,8,8
MA,Morocco,ChIJsSpoj4Azpg0RdqFGLh2Vh80,2022-06-23,22,72,17,7,7,7
MA,Morocco,ChIJsSpoj4Azpg0RdqFGLh2Vh80,2022-06-24,22,75,22,6,10,8
MA,Morocco,ChIJsSpoj4Azpg0RdqFGLh2Vh80,2022-06-25,18,59,30,0,16,7
MA,Morocco,ChIJsSpoj4Azpg0RdqFGLh2Vh80,2022-06-26,13,47,29,1,9,7
MA,Morocco,ChIJsSpoj4Azpg0RdqFGLh2Vh80,2022-06-27,24,66,24,6,8,8
MA,Morocco,ChIJsSpoj4Azpg0RdqFGLh2Vh80,2022-06-28,25,71,25,8,6,8
MA,Morocco,ChIJsSpoj4Azpg0RdqFGLh2Vh80,2022-06-29,25,67,20,5,6,8
MA,Morocco,ChIJsSpoj4Azpg0RdqFGLh2Vh80,2022-06-30,27,78,22,13,6,7
MA,Morocco,ChIJsSpoj4Azpg0RdqFGLh2Vh80,2022-07-01,28,89,33,13,10,7
MA,Morocco,ChIJsSpoj4Azpg0RdqFGLh2Vh80,2022-07-02,24,76,35,11,18,6
MA,Morocco,ChIJsSpoj4Azpg0RdqFGLh2Vh80,2022-07-03,25,67,41,12,18,5
MA,Morocco,ChIJsSpoj4Azpg0RdqFGLh2Vh80,2022-07-04,35,85,29,17,7,7
MA,Morocco,ChIJsSpoj4Azpg0RdqFGLh2Vh80,2022-07-05,38,100,29,23,6,5
MA,Morocco,ChIJsSpoj4Azpg0RdqFGLh2Vh80,2022-07-06,39,101,28,23,4,5
MA,Morocco,ChIJsSpoj4Azpg0RdqFGLh2Vh80,2022-07-07,38,112,25,30,-1,5
MA,Morocco,ChIJsSpoj4Azpg0RdqFGLh2Vh80,2022-07-08,23,116,14,23,-12,8
MA,Morocco,ChIJsSpoj4Azpg0RdqFGLh2Vh80,2022-07-09,0,82,-6,0,-34,7
MA,Morocco,ChIJsSpoj4Azpg0RdqFGLh2Vh80,2022-07-10,-38,-18,-29,-33,-45,8
MA,Morocco,ChIJsSpoj4Azpg0RdqFGLh2Vh80,2022-07-11,-21,4,7,-30,-78,14
MA,Morocco,ChIJsSpoj4Azpg0RdqFGLh2Vh80,2022-07-12,-7,24,14,-12,-46,10
MA,Morocco,ChIJsSpoj4Azpg0RdqFGLh2Vh80,2022-07-13,0,32,16,-8,-34,9
MA,Morocco,ChIJsSpoj4Azpg0RdqFGLh2Vh80,2022-07-14,5,42,19,0,-30,9
MA,Morocco,ChIJsSpoj4Azpg0RdqFGLh2Vh80,2022-07-15,1,43,12,-5,-25,11
MA,Morocco,ChIJsSpoj4Azpg0RdqFGLh2Vh80,2022-07-16,-2,32,27,-6,-20,8
MA,Morocco,ChIJsSpoj4Azpg0RdqFGLh2Vh80,2022-07-17,3,30,33,3,-6,3
MA,Morocco,ChIJsSpoj4Azpg0RdqFGLh2Vh80,2022-07-18,22,58,36,13,-10,10
MA,Morocco,ChIJsSpoj4Azpg0RdqFGLh2Vh80,2022-07-19,22,61,36,11,-11,14
MA,Morocco,ChIJsSpoj4Azpg0RdqFGLh2Vh80,2022-07-20,22,60,30,8,-10,7
MA,Morocco,ChIJsSpoj4Azpg0RdqFGLh2Vh80,2022-07-21,24,67,35,14,-9,6
MA,Morocco,ChIJsSpoj4Azpg0RdqFGLh2Vh80,2022-07-22,22,71,36,12,-5,7
MA,Morocco,ChIJsSpoj4Azpg0RdqFGLh2Vh80,2022-07-23,13,51,45,5,0,5
MA,Morocco,ChIJsSpoj4Azpg0RdqFGLh2Vh80,2022-07-24,3,30,44,-2,-4,4
MA,Morocco,ChIJsSpoj4Azpg0RdqFGLh2Vh80,2022-07-25,29,65,48,12,-5,7
MA,Morocco,ChIJsSpoj4Azpg0RdqFGLh2Vh80,2022-07-26,34,74,49,18,-5,6
MA,Morocco,ChIJsSpoj4Azpg0RdqFGLh2Vh80,2022-07-27,34,77,39,16,-5,6
MA,Morocco,ChIJsSpoj4Azpg0RdqFGLh2Vh80,2022-07-28,35,79,36,21,-5,5
MA,Morocco,ChIJsSpoj4Azpg0RdqFGLh2Vh80,2022-07-29,34,89,40,20,-3,6
MA,Morocco,ChIJsSpoj4Azpg0RdqFGLh2Vh80,2022-07-30,22,63,47,10,-14,6
MA,Morocco,ChIJsSpoj4Azpg0RdqFGLh2Vh80,2022-07-31,23,55,57,13,9,2
MA,Morocco,ChIJsSpoj4Azpg0RdqFGLh2Vh80,2022-08-01,41,83,53,22,-7,5
MA,Morocco,ChIJsSpoj4Azpg0RdqFGLh2Vh80,2022-08-02,40,85,53,21,-9,6
MA,Morocco,ChIJsSpoj4Azpg0RdqFGLh2Vh80,2022-08-03,40,85,47,17,-8,6
MA,Morocco,ChIJsSpoj4Azpg0RdqFGLh2Vh80,2022-08-04,40,89,48,22,-9,5
MA,Morocco,ChIJsSpoj4Azpg0RdqFGLh2Vh80,2022-08-05,34,91,45,17,-8,6
MA,Morocco,ChIJsSpoj4Azpg0RdqFGLh2Vh80,2022-08-06,25,70,50,14,3,4
MA,Morocco,ChIJsSpoj4Azpg0RdqFGLh2Vh80,2022-08-07,23,59,56,15,7,2
MA,Morocco,ChIJsSpoj4Azpg0RdqFGLh2Vh80,2022-08-08,35,77,49,18,-15,6
MA,Morocco,ChIJsSpoj4Azpg0RdqFGLh2Vh80,2022-08-09,36,81,51,18,-15,6
MA,Morocco,ChIJsSpoj4Azpg0RdqFGLh2Vh80,2022-08-10,36,76,45,13,-14,6
MA,Morocco,ChIJsSpoj4Azpg0RdqFGLh2Vh80,2022-08-11,33,78,44,17,-15,6
MA,Morocco,ChIJsSpoj4Azpg0RdqFGLh2Vh80,2022-08-12,27,79,40,14,-12,8
MA,Morocco,ChIJsSpoj4Azpg0RdqFGLh2Vh80,2022-08-13,19,58,44,8,3,5
MA,Morocco,ChIJsSpoj4Azpg0RdqFGLh2Vh80,2022-08-14,20,49,59,9,10,3
MA,Morocco,ChIJsSpoj4Azpg0RdqFGLh2Vh80,2022-08-15,37,77,58,17,-17,8
MA,Morocco,ChIJsSpoj4Azpg0RdqFGLh2Vh80,2022-08-16,35,78,52,17,-16,8
MA,Morocco,ChIJsSpoj4Azpg0RdqFGLh2Vh80,2022-08-17,33,76,45,13,-15,9
MA,Morocco,ChIJsSpoj4Azpg0RdqFGLh2Vh80,2022-08-18,33,80,44,17,-15,9
MA,Morocco,ChIJsSpoj4Azpg0RdqFGLh2Vh80,2022-08-19,26,79,43,11,-13,11
MA,Morocco,ChIJsSpoj4Azpg0RdqFGLh2Vh80,2022-08-20,16,56,50,6,-11,9
MA,Morocco,ChIJsSpoj4Azpg0RdqFGLh2Vh80,2022-08-21,18,48,57,9,12,5
MA,Morocco,ChIJsSpoj4Azpg0RdqFGLh2Vh80,2022-08-22,34,74,50,15,-12,10
MA,Morocco,ChIJsSpoj4Azpg0RdqFGLh2Vh80,2022-08-23,33,78,50,14,-12,10
MA,Morocco,ChIJsSpoj4Azpg0RdqFGLh2Vh80,2022-08-24,31,76,40,10,-11,10
MA,Morocco,ChIJsSpoj4Azpg0RdqFGLh2Vh80,2022-08-25,30,77,39,14,-10,10
MA,Morocco,ChIJsSpoj4Azpg0RdqFGLh2Vh80,2022-08-26,24,78,32,8,-7,11
MA,Morocco,ChIJsSpoj4Azpg0RdqFGLh2Vh80,2022-08-27,19,62,37,5,8,8
MA,Morocco,ChIJsSpoj4Azpg0RdqFGLh2Vh80,2022-08-28,19,51,40,5,17,6
MA,Morocco,ChIJsSpoj4Azpg0RdqFGLh2Vh80,2022-08-29,32,74,35,13,-5,9
MA,Morocco,ChIJsSpoj4Azpg0RdqFGLh2Vh80,2022-08-30,33,80,25,12,-4,9
MA,Morocco,ChIJsSpoj4Azpg0RdqFGLh2Vh80,2022-08-31,36,81,29,12,-3,8
MA,Morocco,ChIJsSpoj4Azpg0RdqFGLh2Vh80,2022-09-01,37,89,32,19,-2,7
MA,Morocco,ChIJsSpoj4Azpg0RdqFGLh2Vh80,2022-09-02,32,92,28,12,3,8
MA,Morocco,ChIJsSpoj4Azpg0RdqFGLh2Vh80,2022-09-03,30,78,40,10,16,6
MA,Morocco,ChIJsSpoj4Azpg0RdqFGLh2Vh80,2022-09-04,31,67,30,9,20,5
MA,Morocco,ChIJsSpoj4Azpg0RdqFGLh2Vh80,2022-09-05,38,86,34,14,3,6
MA,Morocco,ChIJsSpoj4Azpg0RdqFGLh2Vh80,2022-09-06,36,87,30,14,2,7
MA,Morocco,ChIJsSpoj4Azpg0RdqFGLh2Vh80,2022-09-07,35,84,28,12,3,7
MA,Morocco,ChIJsSpoj4Azpg0RdqFGLh2Vh80,2022-09-08,33,83,22,14,3,7
MA,Morocco,ChIJsSpoj4Azpg0RdqFGLh2Vh80,2022-09-09,29,83,23,11,7,8
MA,Morocco,ChIJsSpoj4Azpg0RdqFGLh2Vh80,2022-09-10,25,68,30,5,20,7
MA,Morocco,ChIJsSpoj4Azpg0RdqFGLh2Vh80,2022-09-11,24,59,32,5,21,7
MA,Morocco,ChIJsSpoj4Azpg0RdqFGLh2Vh80,2022-09-12,31,75,30,11,6,7
MA,Morocco,ChIJsSpoj4Azpg0RdqFGLh2Vh80,2022-09-13,33,78,23,11,5,7
MA,Morocco,ChIJsSpoj4Azpg0RdqFGLh2Vh80,2022-09-14,31,75,24,8,5,7
MA,Morocco,ChIJsSpoj4Azpg0RdqFGLh2Vh80,2022-09-15,28,76,21,12,5,6
MA,Morocco,ChIJsSpoj4Azpg0RdqFGLh2Vh80,2022-09-16,26,80,23,10,10,8
MA,Morocco,ChIJsSpoj4Azpg0RdqFGLh2Vh80,2022-09-17,23,67,34,7,22,7
MA,Morocco,ChIJsSpoj4Azpg0RdqFGLh2Vh80,2022-09-18,23,53,26,4,21,7
MA,Morocco,ChIJsSpoj4Azpg0RdqFGLh2Vh80,2022-09-19,28,70,29,11,8,7
MA,Morocco,ChIJsSpoj4Azpg0RdqFGLh2Vh80,2022-09-20,28,74,25,10,7,7
MA,Morocco,ChIJsSpoj4Azpg0RdqFGLh2Vh80,2022-09-21,26,71,22,7,7,7
MA,Morocco,ChIJsSpoj4Azpg0RdqFGLh2Vh80,2022-09-22,26,74,18,10,7,7
MA,Morocco,ChIJsSpoj4Azpg0RdqFGLh2Vh80,2022-09-23,23,74,17,7,12,8
MA,Morocco,ChIJsSpoj4Azpg0RdqFGLh2Vh80,2022-09-24,20,64,30,2,22,8
MA,Morocco,ChIJsSpoj4Azpg0RdqFGLh2Vh80,2022-09-25,19,54,26,3,19,8
MA,Morocco,ChIJsSpoj4Azpg0RdqFGLh2Vh80,2022-09-26,25,69,23,8,12,7
MA,Morocco,ChIJsSpoj4Azpg0RdqFGLh2Vh80,2022-09-27,27,68,17,8,10,7
MA,Morocco,ChIJsSpoj4Azpg0RdqFGLh2Vh80,2022-09-28,28,75,20,6,10,7
MA,Morocco,ChIJsSpoj4Azpg0RdqFGLh2Vh80,2022-09-29,29,77,18,11,11,7
MA,Morocco,ChIJsSpoj4Azpg0RdqFGLh2Vh80,2022-09-30,30,85,18,15,17,7
MA,Morocco,ChIJsSpoj4Azpg0RdqFGLh2Vh80,2022-10-01,30,77,31,10,26,7
MA,Morocco,ChIJsSpoj4Azpg0RdqFGLh2Vh80,2022-10-02,27,63,28,6,22,7
MA,Morocco,ChIJsSpoj4Azpg0RdqFGLh2Vh80,2022-10-03,31,76,30,12,16,7
MA,Morocco,ChIJsSpoj4Azpg0RdqFGLh2Vh80,2022-10-04,32,80,25,13,16,6
MA,Morocco,ChIJsSpoj4Azpg0RdqFGLh2Vh80,2022-10-05,34,81,24,10,14,6
MA,Morocco,ChIJsSpoj4Azpg0RdqFGLh2Vh80,2022-10-06,32,84,22,16,17,6
MA,Morocco,ChIJsSpoj4Azpg0RdqFGLh2Vh80,2022-10-07,31,90,21,21,19,6
MA,Morocco,ChIJsSpoj4Azpg0RdqFGLh2Vh80,2022-10-08,24,77,20,9,18,6
MA,Morocco,ChIJsSpoj4Azpg0RdqFGLh2Vh80,2022-10-09,6,22,17,-2,-4,5
MA,Morocco,ChIJsSpoj4Azpg0RdqFGLh2Vh80,2022-10-10,17,47,18,-6,-49,12
MA,Morocco,ChIJsSpoj4Azpg0RdqFGLh2Vh80,2022-10-11,24,68,16,9,12,6
MA,Morocco,ChIJsSpoj4Azpg0RdqFGLh2Vh80,2022-10-12,26,68,16,5,13,7
MA,Morocco,ChIJsSpoj4Azpg0RdqFGLh2Vh80,2022-10-13,25,72,18,10,14,6
MA,Morocco,ChIJsSpoj4Azpg0RdqFGLh2Vh80,2022-10-14,24,76,18,8,19,8
MA,Morocco,ChIJsSpoj4Azpg0RdqFGLh2Vh80,2022-10-15,23,63,27,4,25,8
MA,Morocco,ChIJ3Q-0RKaLnw0RKN5TjZmEYfE,2022-01-01,15,77,5,4,-17,6
MA,Morocco,ChIJ3Q-0RKaLnw0RKN5TjZmEYfE,2022-01-02,12,60,-2,18,-7,4
MA,Morocco,ChIJ3Q-0RKaLnw0RKN5TjZmEYfE,2022-01-03,12,88,-2,7,8,5
MA,Morocco,ChIJ3Q-0RKaLnw0RKN5TjZmEYfE,2022-01-04,12,82,-8,-3,11,4
MA,Morocco,ChIJ3Q-0RKaLnw0RKN5TjZmEYfE,2022-01-05,11,81,-2,2,10,5
MA,Morocco,ChIJ3Q-0RKaLnw0RKN5TjZmEYfE,2022-01-06,6,75,-15,-6,7,8
MA,Morocco,ChIJ3Q-0RKaLnw0RKN5TjZmEYfE,2022-01-07,8,77,-8,1,13,7
MA,Morocco,ChIJ3Q-0RKaLnw0RKN5TjZmEYfE,2022-01-08,10,73,-4,-5,14,7
MA,Morocco,ChIJ3Q-0RKaLnw0RKN5TjZmEYfE,2022-01-09,6,53,-4,-7,-8,8
MA,Morocco,ChIJ3Q-0RKaLnw0RKN5TjZmEYfE,2022-01-10,13,81,-4,-4,5,6
MA,Morocco,ChIJ3Q-0RKaLnw0RKN5TjZmEYfE,2022-01-11,8,78,-9,-14,-34,13
MA,Morocco,ChIJ3Q-0RKaLnw0RKN5TjZmEYfE,2022-01-12,6,69,-7,-4,6,7
MA,Morocco,ChIJ3Q-0RKaLnw0RKN5TjZmEYfE,2022-01-13,2,77,-10,-11,4,8
MA,Morocco,ChIJ3Q-0RKaLnw0RKN5TjZmEYfE,2022-01-14,4,63,-17,-10,9,9
MA,Morocco,ChIJ3Q-0RKaLnw0RKN5TjZmEYfE,2022-01-15,5,58,-11,-12,12,9
MA,Morocco,ChIJ3Q-0RKaLnw0RKN5TjZmEYfE,2022-01-16,2,41,-11,-15,-8,9
MA,Morocco,ChIJ3Q-0RKaLnw0RKN5TjZmEYfE,2022-01-17,5,69,-8,-8,2,8
MA,Morocco,ChIJ3Q-0RKaLnw0RKN5TjZmEYfE,2022-01-18,7,65,-15,-12,6,7
MA,Morocco,ChIJ3Q-0RKaLnw0RKN5TjZmEYfE,2022-01-19,5,66,-11,-11,4,9
MA,Morocco,ChIJ3Q-0RKaLnw0RKN5TjZmEYfE,2022-01-20,5,69,-15,-11,2,10
MA,Morocco,ChIJ3Q-0RKaLnw0RKN5TjZmEYfE,2022-01-21,4,69,-14,-6,6,10
MA,Morocco,ChIJ3Q-0RKaLnw0RKN5TjZmEYfE,2022-01-22,4,55,-11,-14,9,10
MA,Morocco,ChIJ3Q-0RKaLnw0RKN5TjZmEYfE,2022-01-23,0,31,-19,-17,-6,10
MA,Morocco,ChIJ3Q-0RKaLnw0RKN5TjZmEYfE,2022-01-24,5,61,-13,-11,0,9
MA,Morocco,ChIJ3Q-0RKaLnw0RKN5TjZmEYfE,2022-01-25,9,53,-20,-19,2,9
MA,Morocco,ChIJ3Q-0RKaLnw0RKN5TjZmEYfE,2022-01-26,3,60,-13,-15,0,10
MA,Morocco,ChIJ3Q-0RKaLnw0RKN5TjZmEYfE,2022-01-27,7,70,-12,-14,0,10
MA,Morocco,ChIJ3Q-0RKaLnw0RKN5TjZmEYfE,2022-01-28,3,63,-15,-10,4,10
MA,Morocco,ChIJ3Q-0RKaLnw0RKN5TjZmEYfE,2022-01-29,7,54,-14,-15,10,9
MA,Morocco,ChIJ3Q-0RKaLnw0RKN5TjZmEYfE,2022-01-30,7,27,-23,-17,-5,9
MA,Morocco,ChIJ3Q-0RKaLnw0RKN5TjZmEYfE,2022-01-31,10,74,-8,-6,1,8
MA,Morocco,ChIJ3Q-0RKaLnw0RKN5TjZmEYfE,2022-02-01,12,75,-7,-4,5,7
MA,Morocco,ChIJ3Q-0RKaLnw0RKN5TjZmEYfE,2022-02-02,14,77,-3,-1,3,8
MA,Morocco,ChIJ3Q-0RKaLnw0RKN5TjZmEYfE,2022-02-03,12,73,-8,1,1,9
MA,Morocco,ChIJ3Q-0RKaLnw0RKN5TjZmEYfE,2022-02-04,9,67,-10,7,3,9
MA,Morocco,ChIJ3Q-0RKaLnw0RKN5TjZmEYfE,2022-02-05,11,60,-8,2,5,8
MA,Morocco,ChIJ3Q-0RKaLnw0RKN5TjZmEYfE,2022-02-06,12,43,-6,0,-7,6
MA,Morocco,ChIJ3Q-0RKaLnw0RKN5TjZmEYfE,2022-02-07,18,81,8,18,-15,7
MA,Morocco,ChIJ3Q-0RKaLnw0RKN5TjZmEYfE,2022-02-08,19,79,6,12,-13,6
MA,Morocco,ChIJ3Q-0RKaLnw0RKN5TjZmEYfE,2022-02-09,18,78,12,17,-14,6
MA,Morocco,ChIJ3Q-0RKaLnw0RKN5TjZmEYfE,2022-02-10,20,84,11,16,-17,6
MA,Morocco,ChIJ3Q-0RKaLnw0RKN5TjZmEYfE,2022-02-11,16,75,2,20,-14,7
MA,Morocco,ChIJ3Q-0RKaLnw0RKN5TjZmEYfE,2022-02-12,15,65,6,17,-6,6
MA,Morocco,ChIJ3Q-0RKaLnw0RKN5TjZmEYfE,2022-02-13,14,45,-2,26,-6,4
MA,Morocco,ChIJ3Q-0RKaLnw0RKN5TjZmEYfE,2022-02-14,15,76,-1,14,5,6
MA,Morocco,ChIJ3Q-0RKaLnw0RKN5TjZmEYfE,2022-02-15,17,67,-3,2,9,6
MA,Morocco,ChIJ3Q-0RKaLnw0RKN5TjZmEYfE,2022-02-16,12,68,0,12,7,7
MA,Morocco,ChIJ3Q-0RKaLnw0RKN5TjZmEYfE,2022-02-17,12,74,-3,10,4,7
MA,Morocco,ChIJ3Q-0RKaLnw0RKN5TjZmEYfE,2022-02-18,12,71,-4,17,11,7
MA,Morocco,ChIJ3Q-0RKaLnw0RKN5TjZmEYfE,2022-02-19,15,64,-4,12,14,6
MA,Morocco,ChIJ3Q-0RKaLnw0RKN5TjZmEYfE,2022-02-20,8,41,-5,11,-4,9
MA,Morocco,ChIJ3Q-0RKaLnw0RKN5TjZmEYfE,2022-02-21,16,77,3,16,7,6
MA,Morocco,ChIJ3Q-0RKaLnw0RKN5TjZmEYfE,2022-02-22,16,74,-1,8,10,6
MA,Morocco,ChIJ3Q-0RKaLnw0RKN5TjZmEYfE,2022-02-23,16,76,3,19,9,5
MA,Morocco,ChIJ3Q-0RKaLnw0RKN5TjZmEYfE,2022-02-24,11,75,-6,12,8,6
MA,Morocco,ChIJ3Q-0RKaLnw0RKN5TjZmEYfE,2022-02-25,13,71,-7,22,14,7
MA,Morocco,ChIJ3Q-0RKaLnw0RKN5TjZmEYfE,2022-02-26,17,74,-4,14,16,7
MA,Morocco,ChIJ3Q-0RKaLnw0RKN5TjZmEYfE,2022-02-27,15,56,-2,22,-1,7
MA,Morocco,ChIJ3Q-0RKaLnw0RKN5TjZmEYfE,2022-02-28,17,82,5,22,10,6
MA,Morocco,ChIJ3Q-0RKaLnw0RKN5TjZmEYfE,2022-03-01,19,87,8,22,13,6
MA,Morocco,ChIJ3Q-0RKaLnw0RKN5TjZmEYfE,2022-03-02,18,88,14,23,11,5
MA,Morocco,ChIJ3Q-0RKaLnw0RKN5TjZmEYfE,2022-03-03,17,94,5,23,9,6
MA,Morocco,ChIJ3Q-0RKaLnw0RKN5TjZmEYfE,2022-03-04,12,77,-8,34,13,9
MA,Morocco,ChIJ3Q-0RKaLnw0RKN5TjZmEYfE,2022-03-05,19,81,6,28,15,7
MA,Morocco,ChIJ3Q-0RKaLnw0RKN5TjZmEYfE,2022-03-06,6,46,-15,30,-4,9
MA,Morocco,ChIJ3Q-0RKaLnw0RKN5TjZmEYfE,2022-03-07,20,87,11,33,11,7
MA,Morocco,ChIJ3Q-0RKaLnw0RKN5TjZmEYfE,2022-03-08,19,88,9,25,14,7
MA,Morocco,ChIJ3Q-0RKaLnw0RKN5TjZmEYfE,2022-03-09,17,80,7,25,12,7
MA,Morocco,ChIJ3Q-0RKaLnw0RKN5TjZmEYfE,2022-03-10,15,84,7,27,11,8
MA,Morocco,ChIJ3Q-0RKaLnw0RKN5TjZmEYfE,2022-03-11,9,74,-3,33,16,9
MA,Morocco,ChIJ3Q-0RKaLnw0RKN5TjZmEYfE,2022-03-12,14,78,7,28,16,9
MA,Morocco,ChIJ3Q-0RKaLnw0RKN5TjZmEYfE,2022-03-13,11,64,5,38,0,8
MA,Morocco,ChIJ3Q-0RKaLnw0RKN5TjZmEYfE,2022-03-14,9,73,1,27,10,10
MA,Morocco,ChIJ3Q-0RKaLnw0RKN5TjZmEYfE,2022-03-15,13,82,4,23,14,9
MA,Morocco,ChIJ3Q-0RKaLnw0RKN5TjZmEYfE,2022-03-16,4,66,-4,22,11,10
MA,Morocco,ChIJ3Q-0RKaLnw0RKN5TjZmEYfE,2022-03-17,9,83,2,21,11,10
MA,Morocco,ChIJ3Q-0RKaLnw0RKN5TjZmEYfE,2022-03-18,10,81,2,42,16,10
MA,Morocco,ChIJ3Q-0RKaLnw0RKN5TjZmEYfE,2022-03-19,16,78,13,33,16,9
MA,Morocco,ChIJ3Q-0RKaLnw0RKN5TjZmEYfE,2022-03-20,13,60,7,40,1,8
MA,Morocco,ChIJ3Q-0RKaLnw0RKN5TjZmEYfE,2022-03-21,14,84,12,35,14,8
MA,Morocco,ChIJ3Q-0RKaLnw0RKN5TjZmEYfE,2022-03-22,13,81,10,25,16,8
MA,Morocco,ChIJ3Q-0RKaLnw0RKN5TjZmEYfE,2022-03-23,6,71,-3,22,13,9
MA,Morocco,ChIJ3Q-0RKaLnw0RKN5TjZmEYfE,2022-03-24,8,74,-5,23,11,11
MA,Morocco,ChIJ3Q-0RKaLnw0RKN5TjZmEYfE,2022-03-25,12,73,-6,38,16,10
MA,Morocco,ChIJ3Q-0RKaLnw0RKN5TjZmEYfE,2022-03-26,16,83,12,36,18,8
MA,Morocco,ChIJ3Q-0RKaLnw0RKN5TjZmEYfE,2022-03-27,12,66,14,43,2,7
MA,Morocco,ChIJ3Q-0RKaLnw0RKN5TjZmEYfE,2022-03-28,13,82,13,40,14,8
MA,Morocco,ChIJ3Q-0RKaLnw0RKN5TjZmEYfE,2022-03-29,9,65,-5,25,15,8
MA,Morocco,ChIJ3Q-0RKaLnw0RKN5TjZmEYfE,2022-03-30,6,77,-2,37,12,10
MA,Morocco,ChIJ3Q-0RKaLnw0RKN5TjZmEYfE,2022-03-31,14,95,8,37,13,8
MA,Morocco,ChIJ3Q-0RKaLnw0RKN5TjZmEYfE,2022-04-01,16,95,11,46,17,8
MA,Morocco,ChIJ3Q-0RKaLnw0RKN5TjZmEYfE,2022-04-02,18,97,13,37,18,8
MA,Morocco,ChIJ3Q-0RKaLnw0RKN5TjZmEYfE,2022-04-03,-20,55,-14,22,-10,17
MA,Morocco,ChIJ3Q-0RKaLnw0RKN5TjZmEYfE,2022-04-04,-15,67,-11,17,-12,17
MA,Morocco,ChIJ3Q-0RKaLnw0RKN5TjZmEYfE,2022-04-05,-9,75,-6,9,-10,16
MA,Morocco,ChIJ3Q-0RKaLnw0RKN5TjZmEYfE,2022-04-06,-9,71,-9,16,-11,16
MA,Morocco,ChIJ3Q-0RKaLnw0RKN5TjZmEYfE,2022-04-07,-4,83,2,14,-12,16
MA,Morocco,ChIJ3Q-0RKaLnw0RKN5TjZmEYfE,2022-04-08,-4,77,-2,19,-7,17
MA,Morocco,ChIJ3Q-0RKaLnw0RKN5TjZmEYfE,2022-04-09,-6,72,-3,18,-1,15
MA,Morocco,ChIJ3Q-0RKaLnw0RKN5TjZmEYfE,2022-04-10,-12,59,-8,22,-5,14
MA,Morocco,ChIJ3Q-0RKaLnw0RKN5TjZmEYfE,2022-04-11,-3,78,4,24,7,13
MA,Morocco,ChIJ3Q-0RKaLnw0RKN5TjZmEYfE,2022-04-12,-5,76,-3,6,8,14
MA,Morocco,ChIJ3Q-0RKaLnw0RKN5TjZmEYfE,2022-04-13,-6,75,0,18,5,15
MA,Morocco,ChIJ3Q-0RKaLnw0RKN5TjZmEYfE,2022-04-14,-4,80,0,19,5,15
MA,Morocco,ChIJ3Q-0RKaLnw0RKN5TjZmEYfE,2022-04-15,-5,67,2,22,10,16
MA,Morocco,ChIJ3Q-0RKaLnw0RKN5TjZmEYfE,2022-04-16,-5,65,0,14,11,15
MA,Morocco,ChIJ3Q-0RKaLnw0RKN5TjZmEYfE,2022-04-17,-10,56,1,15,-3,15
MA,Morocco,ChIJ3Q-0RKaLnw0RKN5TjZmEYfE,2022-04-18,-1,77,8,25,6,14
MA,Morocco,ChIJ3Q-0RKaLnw0RKN5TjZmEYfE,2022-04-19,-3,76,4,11,9,13
MA,Morocco,ChIJ3Q-0RKaLnw0RKN5TjZmEYfE,2022-04-20,-8,70,-6,14,6,15
MA,Morocco,ChIJ3Q-0RKaLnw0RKN5TjZmEYfE,2022-04-21,-4,88,2,13,6,15
MA,Morocco,ChIJ3Q-0RKaLnw0RKN5TjZmEYfE,2022-04-22,-2,80,2,17,13,15
MA,Morocco,ChIJ3Q-0RKaLnw0RKN5TjZmEYfE,2022-04-23,-3,74,-1,12,13,15
MA,Morocco,ChIJ3Q-0RKaLnw0RKN5TjZmEYfE,2022-04-24,-7,73,7,16,2,15
MA,Morocco,ChIJ3Q-0RKaLnw0RKN5TjZmEYfE,2022-04-25,2,90,10,20,9,13
MA,Morocco,ChIJ3Q-0RKaLnw0RKN5TjZmEYfE,2022-04-26,0,90,12,16,9,13
MA,Morocco,ChIJ3Q-0RKaLnw0RKN5TjZmEYfE,2022-04-27,2,93,15,29,8,13
MA,Morocco,ChIJ3Q-0RKaLnw0RKN5TjZmEYfE,2022-04-28,-1,101,9,33,4,13
MA,Morocco,ChIJ3Q-0RKaLnw0RKN5TjZmEYfE,2022-04-29,9,104,21,43,8,13
MA,Morocco,ChIJ3Q-0RKaLnw0RKN5TjZmEYfE,2022-04-30,14,109,22,52,4,13
MA,Morocco,ChIJ3Q-0RKaLnw0RKN5TjZmEYfE,2022-05-01,22,123,35,50,-1,13
MA,Morocco,ChIJ3Q-0RKaLnw0RKN5TjZmEYfE,2022-05-02,26,105,34,60,-71,11
MA,Morocco,ChIJ3Q-0RKaLnw0RKN5TjZmEYfE,2022-05-03,14,73,-6,47,-62,13
MA,Morocco,ChIJ3Q-0RKaLnw0RKN5TjZmEYfE,2022-05-04,24,89,13,67,-14,10
MA,Morocco,ChIJ3Q-0RKaLnw0RKN5TjZmEYfE,2022-05-05,24,102,17,50,-8,11
MA,Morocco,ChIJ3Q-0RKaLnw0RKN5TjZmEYfE,2022-05-06,17,87,6,41,-2,11
MA,Morocco,ChIJ3Q-0RKaLnw0RKN5TjZmEYfE,2022-05-07,16,81,8,39,2,10
MA,Morocco,ChIJ3Q-0RKaLnw0RKN5TjZmEYfE,2022-05-08,11,64,1,68,-7,7
MA,Morocco,ChIJ3Q-0RKaLnw0RKN5TjZmEYfE,2022-05-09,19,93,12,52,7,8
MA,Morocco,ChIJ3Q-0RKaLnw0RKN5TjZmEYfE,2022-05-10,18,88,6,38,10,8
MA,Morocco,ChIJ3Q-0RKaLnw0RKN5TjZmEYfE,2022-05-11,16,85,8,42,9,8
MA,Morocco,ChIJ3Q-0RKaLnw0RKN5TjZmEYfE,2022-05-12,16,89,3,35,9,8
MA,Morocco,ChIJ3Q-0RKaLnw0RKN5TjZmEYfE,2022-05-13,15,77,0,36,13,9
MA,Morocco,ChIJ3Q-0RKaLnw0RKN5TjZmEYfE,2022-05-14,12,73,1,35,14,8
MA,Morocco,ChIJ3Q-0RKaLnw0RKN5TjZmEYfE,2022-05-15,8,59,-2,38,-4,7
MA,Morocco,ChIJ3Q-0RKaLnw0RKN5TjZmEYfE,2022-05-16,15,86,9,36,10,8
MA,Morocco,ChIJ3Q-0RKaLnw0RKN5TjZmEYfE,2022-05-17,16,82,7,28,12,8
MA,Morocco,ChIJ3Q-0RKaLnw0RKN5TjZmEYfE,2022-05-18,20,74,3,38,7,7
MA,Morocco,ChIJ3Q-0RKaLnw0RKN5TjZmEYfE,2022-05-19,14,83,4,34,7,8
MA,Morocco,ChIJ3Q-0RKaLnw0RKN5TjZmEYfE,2022-05-20,11,73,-2,31,12,8
MA,Morocco,ChIJ3Q-0RKaLnw0RKN5TjZmEYfE,2022-05-21,10,72,-3,30,14,9
MA,Morocco,ChIJ3Q-0RKaLnw0RKN5TjZmEYfE,2022-05-22,10,64,3,35,-3,7
MA,Morocco,ChIJ3Q-0RKaLnw0RKN5TjZmEYfE,2022-05-23,16,86,8,38,10,8
MA,Morocco,ChIJ3Q-0RKaLnw0RKN5TjZmEYfE,2022-05-24,16,81,1,30,10,8
MA,Morocco,ChIJ3Q-0RKaLnw0RKN5TjZmEYfE,2022-05-25,14,79,8,37,9,8
MA,Morocco,ChIJ3Q-0RKaLnw0RKN5TjZmEYfE,2022-05-26,14,89,8,36,5,9
MA,Morocco,ChIJ3Q-0RKaLnw0RKN5TjZmEYfE,2022-05-27,10,70,-2,32,10,9
MA,Morocco,ChIJ3Q-0RKaLnw0RKN5TjZmEYfE,2022-05-28,14,65,-5,22,12,8
MA,Morocco,ChIJ3Q-0RKaLnw0RKN5TjZmEYfE,2022-05-29,7,61,1,33,-3,7
MA,Morocco,ChIJ3Q-0RKaLnw0RKN5TjZmEYfE,2022-05-30,16,77,5,32,7,8
MA,Morocco,ChIJ3Q-0RKaLnw0RKN5TjZmEYfE,2022-05-31,16,85,5,24,8,8
MA,Morocco,ChIJ3Q-0RKaLnw0RKN5TjZmEYfE,2022-06-01,16,87,8,38,6,8
MA,Morocco,ChIJ3Q-0RKaLnw0RKN5TjZmEYfE,2022-06-02,16,92,7,30,3,9
MA,Morocco,ChIJ3Q-0RKaLnw0RKN5TjZmEYfE,2022-06-03,13,81,4,36,8,9
MA,Morocco,ChIJ3Q-0RKaLnw0RKN5TjZmEYfE,2022-06-04,12,75,6,27,12,8
MA,Morocco,ChIJ3Q-0RKaLnw0RKN5TjZmEYfE,2022-06-05,7,56,5,33,-3,7
MA,Morocco,ChIJ3Q-0RKaLnw0RKN5TjZmEYfE,2022-06-06,16,82,9,37,3,8
MA,Morocco,ChIJ3Q-0RKaLnw0RKN5TjZmEYfE,2022-06-07,14,81,4,27,5,9
MA,Morocco,ChIJ3Q-0RKaLnw0RKN5TjZmEYfE,2022-06-08,13,77,3,29,3,9
MA,Morocco,ChIJ3Q-0RKaLnw0RKN5TjZmEYfE,2022-06-09,12,77,4,25,1,10
MA,Morocco,ChIJ3Q-0RKaLnw0RKN5TjZmEYfE,2022-06-10,10,72,0,30,5,10
MA,Morocco,ChIJ3Q-0RKaLnw0RKN5TjZmEYfE,2022-06-11,7,60,-2,22,10,10
MA,Morocco,ChIJ3Q-0RKaLnw0RKN5TjZmEYfE,2022-06-12,-1,46,-6,29,-4,8
MA,Morocco,ChIJ3Q-0RKaLnw0RKN5TjZmEYfE,2022-06-13,15,75,3,32,3,8
MA,Morocco,ChIJ3Q-0RKaLnw0RKN5TjZmEYfE,2022-06-14,7,72,-9,21,3,10
MA,Morocco,ChIJ3Q-0RKaLnw0RKN5TjZmEYfE,2022-06-15,15,76,-3,29,2,8
MA,Morocco,ChIJ3Q-0RKaLnw0RKN5TjZmEYfE,2022-06-16,12,80,0,23,0,10
MA,Morocco,ChIJ3Q-0RKaLnw0RKN5TjZmEYfE,2022-06-17,11,76,-4,25,5,10
MA,Morocco,ChIJ3Q-0RKaLnw0RKN5TjZmEYfE,2022-06-18,7,64,-6,17,9,9
MA,Morocco,ChIJ3Q-0RKaLnw0RKN5TjZmEYfE,2022-06-19,3,54,-8,24,-4,9
MA,Morocco,ChIJ3Q-0RKaLnw0RKN5TjZmEYfE,2022-06-20,15,84,7,28,-1,9
MA,Morocco,ChIJ3Q-0RKaLnw0RKN5TjZmEYfE,2022-06-21,14,80,1,23,0,10
MA,Morocco,ChIJ3Q-0RKaLnw0RKN5TjZmEYfE,2022-06-22,12,78,3,33,-1,9
MA,Morocco,ChIJ3Q-0RKaLnw0RKN5TjZmEYfE,2022-06-23,11,78,2,24,-4,10
MA,Morocco,ChIJ3Q-0RKaLnw0RKN5TjZmEYfE,2022-06-24,10,74,-1,27,0,10
MA,Morocco,ChIJ3Q-0RKaLnw0RKN5TjZmEYfE,2022-06-25,6,65,-5,16,5,10
MA,Morocco,ChIJ3Q-0RKaLnw0RKN5TjZmEYfE,2022-06-26,2,50,-10,25,-4,10
MA,Morocco,ChIJ3Q-0RKaLnw0RKN5TjZmEYfE,2022-06-27,14,80,3,33,-3,9
MA,Morocco,ChIJ3Q-0RKaLnw0RKN5TjZmEYfE,2022-06-28,12,76,2,22,-2,10
MA,Morocco,ChIJ3Q-0RKaLnw0RKN5TjZmEYfE,2022-06-29,12,77,3,33,-4,10
MA,Morocco,ChIJ3Q-0RKaLnw0RKN5TjZmEYfE,2022-06-30,15,85,3,26,-5,10
MA,Morocco,ChIJ3Q-0RKaLnw0RKN5TjZmEYfE,2022-07-01,14,85,0,30,0,11
MA,Morocco,ChIJ3Q-0RKaLnw0RKN5TjZmEYfE,2022-07-02,12,72,0,23,6,9
MA,Morocco,ChIJ3Q-0RKaLnw0RKN5TjZmEYfE,2022-07-03,7,68,-1,34,5,9
MA,Morocco,ChIJ3Q-0RKaLnw0RKN5TjZmEYfE,2022-07-04,18,93,12,42,-4,9
MA,Morocco,ChIJ3Q-0RKaLnw0RKN5TjZmEYfE,2022-07-05,23,104,15,37,-1,8
MA,Morocco,ChIJ3Q-0RKaLnw0RKN5TjZmEYfE,2022-07-06,23,103,17,51,-6,7
MA,Morocco,ChIJ3Q-0RKaLnw0RKN5TjZmEYfE,2022-07-07,27,125,21,61,-11,8
MA,Morocco,ChIJ3Q-0RKaLnw0RKN5TjZmEYfE,2022-07-08,22,116,15,61,-16,11
MA,Morocco,ChIJ3Q-0RKaLnw0RKN5TjZmEYfE,2022-07-09,20,125,16,51,-28,11
MA,Morocco,ChIJ3Q-0RKaLnw0RKN5TjZmEYfE,2022-07-10,-15,26,-22,6,-47,13
MA,Morocco,ChIJ3Q-0RKaLnw0RKN5TjZmEYfE,2022-07-11,5,62,-8,29,-69,15
MA,Morocco,ChIJ3Q-0RKaLnw0RKN5TjZmEYfE,2022-07-12,11,73,-2,52,-42,9
MA,Morocco,ChIJ3Q-0RKaLnw0RKN5TjZmEYfE,2022-07-13,11,75,1,58,-33,9
MA,Morocco,ChIJ3Q-0RKaLnw0RKN5TjZmEYfE,2022-07-14,13,84,4,53,-32,10
MA,Morocco,ChIJ3Q-0RKaLnw0RKN5TjZmEYfE,2022-07-15,4,66,-6,46,-27,11
MA,Morocco,ChIJ3Q-0RKaLnw0RKN5TjZmEYfE,2022-07-16,3,60,-7,45,-19,9
MA,Morocco,ChIJ3Q-0RKaLnw0RKN5TjZmEYfE,2022-07-17,0,47,-9,60,-16,6
MA,Morocco,ChIJ3Q-0RKaLnw0RKN5TjZmEYfE,2022-07-18,23,93,15,73,-19,8
MA,Morocco,ChIJ3Q-0RKaLnw0RKN5TjZmEYfE,2022-07-19,22,89,12,53,-17,13
MA,Morocco,ChIJ3Q-0RKaLnw0RKN5TjZmEYfE,2022-07-20,24,89,14,59,-18,7
MA,Morocco,ChIJ3Q-0RKaLnw0RKN5TjZmEYfE,2022-07-21,18,91,11,51,-18,8
MA,Morocco,ChIJ3Q-0RKaLnw0RKN5TjZmEYfE,2022-07-22,13,77,-3,48,-14,9
MA,Morocco,ChIJ3Q-0RKaLnw0RKN5TjZmEYfE,2022-07-23,6,64,-9,35,-9,7
MA,Morocco,ChIJ3Q-0RKaLnw0RKN5TjZmEYfE,2022-07-24,-10,34,-24,36,-18,6
MA,Morocco,ChIJ3Q-0RKaLnw0RKN5TjZmEYfE,2022-07-25,18,87,0,54,-17,9
MA,Morocco,ChIJ3Q-0RKaLnw0RKN5TjZmEYfE,2022-07-26,22,91,3,41,-15,7
MA,Morocco,ChIJ3Q-0RKaLnw0RKN5TjZmEYfE,2022-07-27,20,93,9,53,-15,7
MA,Morocco,ChIJ3Q-0RKaLnw0RKN5TjZmEYfE,2022-07-28,21,96,4,47,-17,7
MA,Morocco,ChIJ3Q-0RKaLnw0RKN5TjZmEYfE,2022-07-29,17,92,-3,48,-13,8
MA,Morocco,ChIJ3Q-0RKaLnw0RKN5TjZmEYfE,2022-07-30,6,71,-7,34,-14,8
MA,Morocco,ChIJ3Q-0RKaLnw0RKN5TjZmEYfE,2022-07-31,2,56,-13,48,-9,5
MA,Morocco,ChIJ3Q-0RKaLnw0RKN5TjZmEYfE,2022-08-01,25,98,12,56,-20,6
MA,Morocco,ChIJ3Q-0RKaLnw0RKN5TjZmEYfE,2022-08-02,20,98,7,47,-19,7
MA,Morocco,ChIJ3Q-0RKaLnw0RKN5TjZmEYfE,2022-08-03,18,91,10,50,-20,7
MA,Morocco,ChIJ3Q-0RKaLnw0RKN5TjZmEYfE,2022-08-04,19,96,8,42,-22,7
MA,Morocco,ChIJ3Q-0RKaLnw0RKN5TjZmEYfE,2022-08-05,14,82,-3,40,-20,8
MA,Morocco,ChIJ3Q-0RKaLnw0RKN5TjZmEYfE,2022-08-06,7,68,-2,34,-10,7
MA,Morocco,ChIJ3Q-0RKaLnw0RKN5TjZmEYfE,2022-08-07,3,57,-3,45,-12,5
MA,Morocco,ChIJ3Q-0RKaLnw0RKN5TjZmEYfE,2022-08-08,21,96,13,54,-25,6
MA,Morocco,ChIJ3Q-0RKaLnw0RKN5TjZmEYfE,2022-08-09,21,93,12,41,-22,7
MA,Morocco,ChIJ3Q-0RKaLnw0RKN5TjZmEYfE,2022-08-10,18,84,9,43,-22,7
MA,Morocco,ChIJ3Q-0RKaLnw0RKN5TjZmEYfE,2022-08-11,15,90,9,38,-23,7
MA,Morocco,ChIJ3Q-0RKaLnw0RKN5TjZmEYfE,2022-08-12,7,69,-11,34,-20,9
MA,Morocco,ChIJ3Q-0RKaLnw0RKN5TjZmEYfE,2022-08-13,2,61,-9,29,-9,7
MA,Morocco,ChIJ3Q-0RKaLnw0RKN5TjZmEYfE,2022-08-14,2,51,-8,44,-4,6
MA,Morocco,ChIJ3Q-0RKaLnw0RKN5TjZmEYfE,2022-08-15,21,94,16,46,-25,9
MA,Morocco,ChIJ3Q-0RKaLnw0RKN5TjZmEYfE,2022-08-16,19,89,11,34,-23,9
MA,Morocco,ChIJ3Q-0RKaLnw0RKN5TjZmEYfE,2022-08-17,17,91,14,44,-22,9
MA,Morocco,ChIJ3Q-0RKaLnw0RKN5TjZmEYfE,2022-08-18,17,92,12,36,-23,10
MA,Morocco,ChIJ3Q-0RKaLnw0RKN5TjZmEYfE,2022-08-19,8,76,-6,31,-20,12
MA,Morocco,ChIJ3Q-0RKaLnw0RKN5TjZmEYfE,2022-08-20,4,66,-3,25,-12,10
MA,Morocco,ChIJ3Q-0RKaLnw0RKN5TjZmEYfE,2022-08-21,1,48,-9,38,-3,8
MA,Morocco,ChIJ3Q-0RKaLnw0RKN5TjZmEYfE,2022-08-22,19,90,10,44,-22,10
MA,Morocco,ChIJ3Q-0RKaLnw0RKN5TjZmEYfE,2022-08-23,17,87,9,30,-21,11
MA,Morocco,ChIJ3Q-0RKaLnw0RKN5TjZmEYfE,2022-08-24,16,86,10,33,-22,11
MA,Morocco,ChIJ3Q-0RKaLnw0RKN5TjZmEYfE,2022-08-25,14,89,3,27,-23,11
MA,Morocco,ChIJ3Q-0RKaLnw0RKN5TjZmEYfE,2022-08-26,10,77,-6,24,-19,13
MA,Morocco,ChIJ3Q-0RKaLnw0RKN5TjZmEYfE,2022-08-27,5,67,-6,20,-7,11
MA,Morocco,ChIJ3Q-0RKaLnw0RKN5TjZmEYfE,2022-08-28,4,51,-9,31,-3,8
MA,Morocco,ChIJ3Q-0RKaLnw0RKN5TjZmEYfE,2022-08-29,21,97,7,40,-20,9
MA,Morocco,ChIJ3Q-0RKaLnw0RKN5TjZmEYfE,2022-08-30,21,90,2,26,-18,10
MA,Morocco,ChIJ3Q-0RKaLnw0RKN5TjZmEYfE,2022-08-31,23,91,4,38,-18,9
MA,Morocco,ChIJ3Q-0RKaLnw0RKN5TjZmEYfE,2022-09-01,26,102,2,43,-16,8
MA,Morocco,ChIJ3Q-0RKaLnw0RKN5TjZmEYfE,2022-09-02,20,90,-6,35,-11,9
MA,Morocco,ChIJ3Q-0RKaLnw0RKN5TjZmEYfE,2022-09-03,21,79,-7,26,-2,9
MA,Morocco,ChIJ3Q-0RKaLnw0RKN5TjZmEYfE,2022-09-04,16,69,-4,40,0,8
MA,Morocco,ChIJ3Q-0RKaLnw0RKN5TjZmEYfE,2022-09-05,30,107,12,44,-12,8
MA,Morocco,ChIJ3Q-0RKaLnw0RKN5TjZmEYfE,2022-09-06,25,99,5,26,-9,9
MA,Morocco,ChIJ3Q-0RKaLnw0RKN5TjZmEYfE,2022-09-07,25,97,7,33,-10,9
MA,Morocco,ChIJ3Q-0RKaLnw0RKN5TjZmEYfE,2022-09-08,23,99,3,32,-11,10
MA,Morocco,ChIJ3Q-0RKaLnw0RKN5TjZmEYfE,2022-09-09,19,85,-4,33,-6,10
MA,Morocco,ChIJ3Q-0RKaLnw0RKN5TjZmEYfE,2022-09-10,16,74,-5,22,3,10
MA,Morocco,ChIJ3Q-0RKaLnw0RKN5TjZmEYfE,2022-09-11,12,59,-10,33,2,10
MA,Morocco,ChIJ3Q-0RKaLnw0RKN5TjZmEYfE,2022-09-12,24,100,5,40,-7,9
MA,Morocco,ChIJ3Q-0RKaLnw0RKN5TjZmEYfE,2022-09-13,26,94,2,25,-6,9
MA,Morocco,ChIJ3Q-0RKaLnw0RKN5TjZmEYfE,2022-09-14,23,93,6,36,-7,9
MA,Morocco,ChIJ3Q-0RKaLnw0RKN5TjZmEYfE,2022-09-15,20,95,3,30,-7,9
MA,Morocco,ChIJ3Q-0RKaLnw0RKN5TjZmEYfE,2022-09-16,17,86,-9,26,-2,10
MA,Morocco,ChIJ3Q-0RKaLnw0RKN5TjZmEYfE,2022-09-17,17,76,-5,21,6,9
MA,Morocco,ChIJ3Q-0RKaLnw0RKN5TjZmEYfE,2022-09-18,13,60,-6,30,2,10
MA,Morocco,ChIJ3Q-0RKaLnw0RKN5TjZmEYfE,2022-09-19,22,96,3,40,-5,9
MA,Morocco,ChIJ3Q-0RKaLnw0RKN5TjZmEYfE,2022-09-20,20,88,0,22,-3,8
MA,Morocco,ChIJ3Q-0RKaLnw0RKN5TjZmEYfE,2022-09-21,20,85,2,33,-4,9
MA,Morocco,ChIJ3Q-0RKaLnw0RKN5TjZmEYfE,2022-09-22,18,91,2,28,-5,10
MA,Morocco,ChIJ3Q-0RKaLnw0RKN5TjZmEYfE,2022-09-23,17,75,-13,28,2,10
MA,Morocco,ChIJ3Q-0RKaLnw0RKN5TjZmEYfE,2022-09-24,14,75,-4,18,8,10
MA,Morocco,ChIJ3Q-0RKaLnw0RKN5TjZmEYfE,2022-09-25,12,61,-3,28,2,10
MA,Morocco,ChIJ3Q-0RKaLnw0RKN5TjZmEYfE,2022-09-26,24,98,6,37,0,9
MA,Morocco,ChIJ3Q-0RKaLnw0RKN5TjZmEYfE,2022-09-27,22,86,1,25,1,9
MA,Morocco,ChIJ3Q-0RKaLnw0RKN5TjZmEYfE,2022-09-28,19,91,3,37,0,9
MA,Morocco,ChIJ3Q-0RKaLnw0RKN5TjZmEYfE,2022-09-29,19,93,7,29,-1,9
MA,Morocco,ChIJ3Q-0RKaLnw0RKN5TjZmEYfE,2022-09-30,21,92,-6,36,7,10
MA,Morocco,ChIJ3Q-0RKaLnw0RKN5TjZmEYfE,2022-10-01,20,87,5,23,12,9
MA,Morocco,ChIJ3Q-0RKaLnw0RKN5TjZmEYfE,2022-10-02,18,71,0,34,3,10
MA,Morocco,ChIJ3Q-0RKaLnw0RKN5TjZmEYfE,2022-10-03,24,98,11,44,4,8
MA,Morocco,ChIJ3Q-0RKaLnw0RKN5TjZmEYfE,2022-10-04,24,92,2,31,6,8
MA,Morocco,ChIJ3Q-0RKaLnw0RKN5TjZmEYfE,2022-10-05,23,92,6,41,5,8
MA,Morocco,ChIJ3Q-0RKaLnw0RKN5TjZmEYfE,2022-10-06,20,94,6,40,6,8
MA,Morocco,ChIJ3Q-0RKaLnw0RKN5TjZmEYfE,2022-10-07,20,90,-1,50,10,9
MA,Morocco,ChIJ3Q-0RKaLnw0RKN5TjZmEYfE,2022-10-08,20,83,8,38,10,8
MA,Morocco,ChIJ3Q-0RKaLnw0RKN5TjZmEYfE,2022-10-09,17,60,4,29,-8,8
MA,Morocco,ChIJ3Q-0RKaLnw0RKN5TjZmEYfE,2022-10-10,26,94,13,54,-34,12
MA,Morocco,ChIJ3Q-0RKaLnw0RKN5TjZmEYfE,2022-10-11,17,82,-7,38,6,8
MA,Morocco,ChIJ3Q-0RKaLnw0RKN5TjZmEYfE,2022-10-12,22,89,6,40,6,8
MA,Morocco,ChIJ3Q-0RKaLnw0RKN5TjZmEYfE,2022-10-13,20,97,7,39,6,8
MA,Morocco,ChIJ3Q-0RKaLnw0RKN5TjZmEYfE,2022-10-14,18,84,-5,31,12,9
MA,Morocco,ChIJ3Q-0RKaLnw0RKN5TjZmEYfE,2022-10-15,16,78,4,24,15,10
MA,Morocco,ChIJTxlXcl7urw0RPqRAGHBidDE,2022-01-01,-4,36,-24,-10,-25,9
MA,Morocco,ChIJTxlXcl7urw0RPqRAGHBidDE,2022-01-02,-6,25,-39,-17,-10,6
MA,Morocco,ChIJTxlXcl7urw0RPqRAGHBidDE,2022-01-03,-6,45,-42,-7,5,7
MA,Morocco,ChIJTxlXcl7urw0RPqRAGHBidDE,2022-01-04,-7,45,-41,-5,4,8
MA,Morocco,ChIJTxlXcl7urw0RPqRAGHBidDE,2022-01-05,-8,40,-43,-9,5,9
MA,Morocco,ChIJTxlXcl7urw0RPqRAGHBidDE,2022-01-06,-9,45,-45,-15,4,9
MA,Morocco,ChIJTxlXcl7urw0RPqRAGHBidDE,2022-01-07,-14,39,-49,-15,6,9
MA,Morocco,ChIJTxlXcl7urw0RPqRAGHBidDE,2022-01-08,-12,33,-43,-15,-1,10
MA,Morocco,ChIJTxlXcl7urw0RPqRAGHBidDE,2022-01-09,-13,20,-45,-24,-13,10
MA,Morocco,ChIJTxlXcl7urw0RPqRAGHBidDE,2022-01-10,-5,40,-43,-9,-1,8
MA,Morocco,ChIJTxlXcl7urw0RPqRAGHBidDE,2022-01-11,-10,33,-40,-16,-41,16
MA,Morocco,ChIJTxlXcl7urw0RPqRAGHBidDE,2022-01-12,-12,34,-48,-11,1,9
MA,Morocco,ChIJTxlXcl7urw0RPqRAGHBidDE,2022-01-13,-14,37,-47,-19,0,10
MA,Morocco,ChIJTxlXcl7urw0RPqRAGHBidDE,2022-01-14,-18,26,-55,-22,3,11
MA,Morocco,ChIJTxlXcl7urw0RPqRAGHBidDE,2022-01-15,-18,23,-49,-22,-3,10
MA,Morocco,ChIJTxlXcl7urw0RPqRAGHBidDE,2022-01-16,-20,9,-52,-30,-15,10
MA,Morocco,ChIJTxlXcl7urw0RPqRAGHBidDE,2022-01-17,-15,30,-50,-16,-1,9
MA,Morocco,ChIJTxlXcl7urw0RPqRAGHBidDE,2022-01-18,-11,29,-51,-16,0,10
MA,Morocco,ChIJTxlXcl7urw0RPqRAGHBidDE,2022-01-19,-13,27,-46,-17,1,11
MA,Morocco,ChIJTxlXcl7urw0RPqRAGHBidDE,2022-01-20,-13,27,-47,-22,2,11
MA,Morocco,ChIJTxlXcl7urw0RPqRAGHBidDE,2022-01-21,-17,27,-50,-22,5,10
MA,Morocco,ChIJTxlXcl7urw0RPqRAGHBidDE,2022-01-22,-17,18,-49,-23,0,10
MA,Morocco,ChIJTxlXcl7urw0RPqRAGHBidDE,2022-01-23,-18,5,-51,-31,-11,10
MA,Morocco,ChIJTxlXcl7urw0RPqRAGHBidDE,2022-01-24,-14,27,-47,-18,0,9
MA,Morocco,ChIJTxlXcl7urw0RPqRAGHBidDE,2022-01-25,-12,21,-52,-20,0,9
MA,Morocco,ChIJTxlXcl7urw0RPqRAGHBidDE,2022-01-26,-14,23,-45,-19,2,10
MA,Morocco,ChIJTxlXcl7urw0RPqRAGHBidDE,2022-01-27,-14,31,-48,-25,2,10
MA,Morocco,ChIJTxlXcl7urw0RPqRAGHBidDE,2022-01-28,-17,26,-51,-25,6,10
MA,Morocco,ChIJTxlXcl7urw0RPqRAGHBidDE,2022-01-29,-15,20,-49,-27,0,9
MA,Morocco,ChIJTxlXcl7urw0RPqRAGHBidDE,2022-01-30,-13,3,-53,-33,-10,8
MA,Morocco,ChIJTxlXcl7urw0RPqRAGHBidDE,2022-01-31,-10,31,-45,-14,2,8
MA,Morocco,ChIJTxlXcl7urw0RPqRAGHBidDE,2022-02-01,-7,34,-40,-11,4,8
MA,Morocco,ChIJTxlXcl7urw0RPqRAGHBidDE,2022-02-02,-7,33,-40,-14,5,8
MA,Morocco,ChIJTxlXcl7urw0RPqRAGHBidDE,2022-02-03,-8,33,-46,-20,4,8
MA,Morocco,ChIJTxlXcl7urw0RPqRAGHBidDE,2022-02-04,-12,30,-52,-18,5,9
MA,Morocco,ChIJTxlXcl7urw0RPqRAGHBidDE,2022-02-05,-10,26,-48,-19,-3,8
MA,Morocco,ChIJTxlXcl7urw0RPqRAGHBidDE,2022-02-06,-4,16,-42,-22,-11,6
MA,Morocco,ChIJTxlXcl7urw0RPqRAGHBidDE,2022-02-07,4,45,-24,3,-11,6
MA,Morocco,ChIJTxlXcl7urw0RPqRAGHBidDE,2022-02-08,8,46,-17,3,-11,6
MA,Morocco,ChIJTxlXcl7urw0RPqRAGHBidDE,2022-02-09,9,46,-10,4,-10,6
MA,Morocco,ChIJTxlXcl7urw0RPqRAGHBidDE,2022-02-10,12,55,-9,4,-12,5
MA,Morocco,ChIJTxlXcl7urw0RPqRAGHBidDE,2022-02-11,6,48,-13,0,-9,6
MA,Morocco,ChIJTxlXcl7urw0RPqRAGHBidDE,2022-02-12,3,37,-21,-3,-11,5
MA,Morocco,ChIJTxlXcl7urw0RPqRAGHBidDE,2022-02-13,-2,22,-34,-10,-9,4
MA,Morocco,ChIJTxlXcl7urw0RPqRAGHBidDE,2022-02-14,0,39,-38,-1,6,5
MA,Morocco,ChIJTxlXcl7urw0RPqRAGHBidDE,2022-02-15,0,33,-38,-4,7,6
MA,Morocco,ChIJTxlXcl7urw0RPqRAGHBidDE,2022-02-16,-3,35,-36,-8,8,7
MA,Morocco,ChIJTxlXcl7urw0RPqRAGHBidDE,2022-02-17,-3,38,-38,-9,9,7
MA,Morocco,ChIJTxlXcl7urw0RPqRAGHBidDE,2022-02-18,-4,38,-39,-6,12,6
MA,Morocco,ChIJTxlXcl7urw0RPqRAGHBidDE,2022-02-19,-4,33,-39,-9,3,7
MA,Morocco,ChIJTxlXcl7urw0RPqRAGHBidDE,2022-02-20,-5,21,-38,-15,-6,7
MA,Morocco,ChIJTxlXcl7urw0RPqRAGHBidDE,2022-02-21,0,40,-34,-1,7,5
MA,Morocco,ChIJTxlXcl7urw0RPqRAGHBidDE,2022-02-22,2,41,-34,1,7,5
MA,Morocco,ChIJTxlXcl7urw0RPqRAGHBidDE,2022-02-23,-1,38,-35,-2,9,6
MA,Morocco,ChIJTxlXcl7urw0RPqRAGHBidDE,2022-02-24,0,44,-36,-4,9,6
MA,Morocco,ChIJTxlXcl7urw0RPqRAGHBidDE,2022-02-25,-2,41,-37,-4,12,6
MA,Morocco,ChIJTxlXcl7urw0RPqRAGHBidDE,2022-02-26,-2,36,-35,-6,5,6
MA,Morocco,ChIJTxlXcl7urw0RPqRAGHBidDE,2022-02-27,-2,28,-36,-10,-3,6
MA,Morocco,ChIJTxlXcl7urw0RPqRAGHBidDE,2022-02-28,5,49,-26,7,8,5
MA,Morocco,ChIJTxlXcl7urw0RPqRAGHBidDE,2022-03-01,8,50,-25,13,10,5
MA,Morocco,ChIJTxlXcl7urw0RPqRAGHBidDE,2022-03-02,8,52,-22,10,11,5
MA,Morocco,ChIJTxlXcl7urw0RPqRAGHBidDE,2022-03-03,9,55,-22,5,10,5
MA,Morocco,ChIJTxlXcl7urw0RPqRAGHBidDE,2022-03-04,7,52,-28,5,14,6
MA,Morocco,ChIJTxlXcl7urw0RPqRAGHBidDE,2022-03-05,9,50,-21,7,6,5
MA,Morocco,ChIJTxlXcl7urw0RPqRAGHBidDE,2022-03-06,-9,17,-51,-13,-9,9
MA,Morocco,ChIJTxlXcl7urw0RPqRAGHBidDE,2022-03-07,9,55,-23,13,11,5
MA,Morocco,ChIJTxlXcl7urw0RPqRAGHBidDE,2022-03-08,11,56,-23,14,12,6
MA,Morocco,ChIJTxlXcl7urw0RPqRAGHBidDE,2022-03-09,9,54,-28,9,14,6
MA,Morocco,ChIJTxlXcl7urw0RPqRAGHBidDE,2022-03-10,5,57,-31,3,14,7
MA,Morocco,ChIJTxlXcl7urw0RPqRAGHBidDE,2022-03-11,1,50,-34,6,16,7
MA,Morocco,ChIJTxlXcl7urw0RPqRAGHBidDE,2022-03-12,4,50,-28,5,8,7
MA,Morocco,ChIJTxlXcl7urw0RPqRAGHBidDE,2022-03-13,2,43,-29,-3,0,6
MA,Morocco,ChIJTxlXcl7urw0RPqRAGHBidDE,2022-03-14,-5,38,-42,4,11,9
MA,Morocco,ChIJTxlXcl7urw0RPqRAGHBidDE,2022-03-15,7,55,-26,15,15,7
MA,Morocco,ChIJTxlXcl7urw0RPqRAGHBidDE,2022-03-16,5,51,-26,8,15,8
MA,Morocco,ChIJTxlXcl7urw0RPqRAGHBidDE,2022-03-17,4,56,-29,2,15,8
MA,Morocco,ChIJTxlXcl7urw0RPqRAGHBidDE,2022-03-18,6,55,-28,8,17,7
MA,Morocco,ChIJTxlXcl7urw0RPqRAGHBidDE,2022-03-19,5,51,-25,4,9,7
MA,Morocco,ChIJTxlXcl7urw0RPqRAGHBidDE,2022-03-20,3,41,-30,-2,0,6
MA,Morocco,ChIJTxlXcl7urw0RPqRAGHBidDE,2022-03-21,7,55,-23,13,14,6
MA,Morocco,ChIJTxlXcl7urw0RPqRAGHBidDE,2022-03-22,8,56,-20,17,15,6
MA,Morocco,ChIJTxlXcl7urw0RPqRAGHBidDE,2022-03-23,-5,39,-36,0,14,9
MA,Morocco,ChIJTxlXcl7urw0RPqRAGHBidDE,2022-03-24,6,60,-22,5,16,7
MA,Morocco,ChIJTxlXcl7urw0RPqRAGHBidDE,2022-03-25,4,53,-26,6,20,7
MA,Morocco,ChIJTxlXcl7urw0RPqRAGHBidDE,2022-03-26,4,51,-21,3,11,6
MA,Morocco,ChIJTxlXcl7urw0RPqRAGHBidDE,2022-03-27,3,46,-21,1,2,5
MA,Morocco,ChIJTxlXcl7urw0RPqRAGHBidDE,2022-03-28,6,56,-20,13,16,6
MA,Morocco,ChIJTxlXcl7urw0RPqRAGHBidDE,2022-03-29,6,50,-20,13,16,7
MA,Morocco,ChIJTxlXcl7urw0RPqRAGHBidDE,2022-03-30,3,55,-24,11,16,7
MA,Morocco,ChIJTxlXcl7urw0RPqRAGHBidDE,2022-03-31,7,67,-17,11,17,6
MA,Morocco,ChIJTxlXcl7urw0RPqRAGHBidDE,2022-04-01,3,63,-29,11,20,6
MA,Morocco,ChIJTxlXcl7urw0RPqRAGHBidDE,2022-04-02,-3,63,-35,7,9,7
MA,Morocco,ChIJTxlXcl7urw0RPqRAGHBidDE,2022-04-03,-31,35,-52,-19,-10,15
MA,Morocco,ChIJTxlXcl7urw0RPqRAGHBidDE,2022-04-04,-25,33,-46,-6,-10,16
MA,Morocco,ChIJTxlXcl7urw0RPqRAGHBidDE,2022-04-05,-17,44,-36,-2,-8,16
MA,Morocco,ChIJTxlXcl7urw0RPqRAGHBidDE,2022-04-06,-19,44,-32,-2,-7,15
MA,Morocco,ChIJTxlXcl7urw0RPqRAGHBidDE,2022-04-07,-17,48,-31,-7,-6,15
MA,Morocco,ChIJTxlXcl7urw0RPqRAGHBidDE,2022-04-08,-20,41,-37,-6,-3,15
MA,Morocco,ChIJTxlXcl7urw0RPqRAGHBidDE,2022-04-09,-25,30,-43,-12,-7,14
MA,Morocco,ChIJTxlXcl7urw0RPqRAGHBidDE,2022-04-10,-27,23,-48,-15,-5,13
MA,Morocco,ChIJTxlXcl7urw0RPqRAGHBidDE,2022-04-11,-15,43,-26,2,8,12
MA,Morocco,ChIJTxlXcl7urw0RPqRAGHBidDE,2022-04-12,-15,43,-25,3,9,14
MA,Morocco,ChIJTxlXcl7urw0RPqRAGHBidDE,2022-04-13,-17,36,-27,-2,10,14
MA,Morocco,ChIJTxlXcl7urw0RPqRAGHBidDE,2022-04-14,-17,41,-31,-8,10,14
MA,Morocco,ChIJTxlXcl7urw0RPqRAGHBidDE,2022-04-15,-20,39,-32,-7,13,14
MA,Morocco,ChIJTxlXcl7urw0RPqRAGHBidDE,2022-04-16,-24,30,-41,-11,3,13
MA,Morocco,ChIJTxlXcl7urw0RPqRAGHBidDE,2022-04-17,-25,26,-44,-17,-5,13
MA,Morocco,ChIJTxlXcl7urw0RPqRAGHBidDE,2022-04-18,-14,40,-23,3,8,12
MA,Morocco,ChIJTxlXcl7urw0RPqRAGHBidDE,2022-04-19,-14,43,-22,3,9,13
MA,Morocco,ChIJTxlXcl7urw0RPqRAGHBidDE,2022-04-20,-16,44,-23,0,12,13
MA,Morocco,ChIJTxlXcl7urw0RPqRAGHBidDE,2022-04-21,-15,49,-26,-6,12,13
MA,Morocco,ChIJTxlXcl7urw0RPqRAGHBidDE,2022-04-22,-17,44,-37,-6,16,14
MA,Morocco,ChIJTxlXcl7urw0RPqRAGHBidDE,2022-04-23,-21,39,-37,-8,7,14
MA,Morocco,ChIJTxlXcl7urw0RPqRAGHBidDE,2022-04-24,-20,39,-36,-11,-1,13
MA,Morocco,ChIJTxlXcl7urw0RPqRAGHBidDE,2022-04-25,-11,47,-22,7,9,12
MA,Morocco,ChIJTxlXcl7urw0RPqRAGHBidDE,2022-04-26,-11,49,-21,10,8,13
MA,Morocco,ChIJTxlXcl7urw0RPqRAGHBidDE,2022-04-27,-11,50,-16,9,11,13
MA,Morocco,ChIJTxlXcl7urw0RPqRAGHBidDE,2022-04-28,-12,58,-17,6,8,12
MA,Morocco,ChIJTxlXcl7urw0RPqRAGHBidDE,2022-04-29,-11,59,-19,12,10,11
MA,Morocco,ChIJTxlXcl7urw0RPqRAGHBidDE,2022-04-30,-13,57,-22,9,-1,11
MA,Morocco,ChIJTxlXcl7urw0RPqRAGHBidDE,2022-05-01,-6,71,-25,9,-2,11
MA,Morocco,ChIJTxlXcl7urw0RPqRAGHBidDE,2022-05-02,-8,32,4,24,-69,8
MA,Morocco,ChIJTxlXcl7urw0RPqRAGHBidDE,2022-05-03,5,37,16,9,-59,8
MA,Morocco,ChIJTxlXcl7urw0RPqRAGHBidDE,2022-05-04,11,46,5,12,-10,8
MA,Morocco,ChIJTxlXcl7urw0RPqRAGHBidDE,2022-05-05,15,56,3,6,-3,8
MA,Morocco,ChIJTxlXcl7urw0RPqRAGHBidDE,2022-05-06,13,56,-5,10,3,9
MA,Morocco,ChIJTxlXcl7urw0RPqRAGHBidDE,2022-05-07,10,47,-14,6,0,7
MA,Morocco,ChIJTxlXcl7urw0RPqRAGHBidDE,2022-05-08,6,39,-26,7,0,5
MA,Morocco,ChIJTxlXcl7urw0RPqRAGHBidDE,2022-05-09,15,56,-11,24,11,5
MA,Morocco,ChIJTxlXcl7urw0RPqRAGHBidDE,2022-05-10,18,58,-5,26,12,6
MA,Morocco,ChIJTxlXcl7urw0RPqRAGHBidDE,2022-05-11,17,57,-4,21,14,6
MA,Morocco,ChIJTxlXcl7urw0RPqRAGHBidDE,2022-05-12,17,62,-7,16,14,5
MA,Morocco,ChIJTxlXcl7urw0RPqRAGHBidDE,2022-05-13,14,57,-11,13,18,6
MA,Morocco,ChIJTxlXcl7urw0RPqRAGHBidDE,2022-05-14,12,50,-12,12,9,5
MA,Morocco,ChIJTxlXcl7urw0RPqRAGHBidDE,2022-05-15,8,43,-21,5,3,5
MA,Morocco,ChIJTxlXcl7urw0RPqRAGHBidDE,2022-05-16,13,54,-9,22,12,5
MA,Morocco,ChIJTxlXcl7urw0RPqRAGHBidDE,2022-05-17,14,53,-9,21,12,6
MA,Morocco,ChIJTxlXcl7urw0RPqRAGHBidDE,2022-05-18,12,52,-7,17,14,6
MA,Morocco,ChIJTxlXcl7urw0RPqRAGHBidDE,2022-05-19,10,51,-16,9,13,6
MA,Morocco,ChIJTxlXcl7urw0RPqRAGHBidDE,2022-05-20,10,53,-18,10,17,6
MA,Morocco,ChIJTxlXcl7urw0RPqRAGHBidDE,2022-05-21,7,47,-17,6,8,6
MA,Morocco,ChIJTxlXcl7urw0RPqRAGHBidDE,2022-05-22,5,39,-24,1,0,5
MA,Morocco,ChIJTxlXcl7urw0RPqRAGHBidDE,2022-05-23,12,52,-11,19,12,5
MA,Morocco,ChIJTxlXcl7urw0RPqRAGHBidDE,2022-05-24,13,53,-5,20,11,6
MA,Morocco,ChIJTxlXcl7urw0RPqRAGHBidDE,2022-05-25,14,54,-1,15,13,6
MA,Morocco,ChIJTxlXcl7urw0RPqRAGHBidDE,2022-05-26,13,56,-6,9,11,6
MA,Morocco,ChIJTxlXcl7urw0RPqRAGHBidDE,2022-05-27,9,53,-13,8,16,6
MA,Morocco,ChIJTxlXcl7urw0RPqRAGHBidDE,2022-05-28,9,44,-19,3,10,5
MA,Morocco,ChIJTxlXcl7urw0RPqRAGHBidDE,2022-05-29,7,45,-15,2,2,5
MA,Morocco,ChIJTxlXcl7urw0RPqRAGHBidDE,2022-05-30,15,52,-10,18,11,5
MA,Morocco,ChIJTxlXcl7urw0RPqRAGHBidDE,2022-05-31,14,53,-5,21,10,6
MA,Morocco,ChIJTxlXcl7urw0RPqRAGHBidDE,2022-06-01,14,58,-6,21,11,6
MA,Morocco,ChIJTxlXcl7urw0RPqRAGHBidDE,2022-06-02,14,63,-6,13,10,6
MA,Morocco,ChIJTxlXcl7urw0RPqRAGHBidDE,2022-06-03,10,57,-13,10,13,6
MA,Morocco,ChIJTxlXcl7urw0RPqRAGHBidDE,2022-06-04,7,51,-13,6,7,5
MA,Morocco,ChIJTxlXcl7urw0RPqRAGHBidDE,2022-06-05,4,43,-20,0,2,4
MA,Morocco,ChIJTxlXcl7urw0RPqRAGHBidDE,2022-06-06,14,56,-7,21,6,6
MA,Morocco,ChIJTxlXcl7urw0RPqRAGHBidDE,2022-06-07,14,54,-9,18,6,7
MA,Morocco,ChIJTxlXcl7urw0RPqRAGHBidDE,2022-06-08,10,51,-8,15,7,7
MA,Morocco,ChIJTxlXcl7urw0RPqRAGHBidDE,2022-06-09,9,52,-14,6,7,7
MA,Morocco,ChIJTxlXcl7urw0RPqRAGHBidDE,2022-06-10,7,53,-13,9,13,6
MA,Morocco,ChIJTxlXcl7urw0RPqRAGHBidDE,2022-06-11,3,44,-19,5,5,6
MA,Morocco,ChIJTxlXcl7urw0RPqRAGHBidDE,2022-06-12,1,38,-26,-1,4,5
MA,Morocco,ChIJTxlXcl7urw0RPqRAGHBidDE,2022-06-13,10,48,-13,17,7,6
MA,Morocco,ChIJTxlXcl7urw0RPqRAGHBidDE,2022-06-14,12,55,-7,21,7,7
MA,Morocco,ChIJTxlXcl7urw0RPqRAGHBidDE,2022-06-15,12,53,5,14,8,7
MA,Morocco,ChIJTxlXcl7urw0RPqRAGHBidDE,2022-06-16,12,56,-4,3,7,7
MA,Morocco,ChIJTxlXcl7urw0RPqRAGHBidDE,2022-06-17,6,51,-9,3,10,7
MA,Morocco,ChIJTxlXcl7urw0RPqRAGHBidDE,2022-06-18,1,44,-15,0,4,7
MA,Morocco,ChIJTxlXcl7urw0RPqRAGHBidDE,2022-06-19,-1,35,-25,-6,1,6
MA,Morocco,ChIJTxlXcl7urw0RPqRAGHBidDE,2022-06-20,13,57,-7,16,5,6
MA,Morocco,ChIJTxlXcl7urw0RPqRAGHBidDE,2022-06-21,12,56,-4,19,4,7
MA,Morocco,ChIJTxlXcl7urw0RPqRAGHBidDE,2022-06-22,11,51,-5,12,5,7
MA,Morocco,ChIJTxlXcl7urw0RPqRAGHBidDE,2022-06-23,11,58,-7,8,5,7
MA,Morocco,ChIJTxlXcl7urw0RPqRAGHBidDE,2022-06-24,7,52,-14,2,8,8
MA,Morocco,ChIJTxlXcl7urw0RPqRAGHBidDE,2022-06-25,0,43,-23,-1,3,8
MA,Morocco,ChIJTxlXcl7urw0RPqRAGHBidDE,2022-06-26,-3,36,-28,-8,3,7
MA,Morocco,ChIJTxlXcl7urw0RPqRAGHBidDE,2022-06-27,10,54,-10,12,4,7
MA,Morocco,ChIJTxlXcl7urw0RPqRAGHBidDE,2022-06-28,11,54,-7,16,3,7
MA,Morocco,ChIJTxlXcl7urw0RPqRAGHBidDE,2022-06-29,10,53,-7,9,4,7
MA,Morocco,ChIJTxlXcl7urw0RPqRAGHBidDE,2022-06-30,11,60,-10,4,5,7
MA,Morocco,ChIJTxlXcl7urw0RPqRAGHBidDE,2022-07-01,9,59,-12,7,8,7
MA,Morocco,ChIJTxlXcl7urw0RPqRAGHBidDE,2022-07-02,4,52,-17,1,5,7
MA,Morocco,ChIJTxlXcl7urw0RPqRAGHBidDE,2022-07-03,3,48,-23,-1,7,6
MA,Morocco,ChIJTxlXcl7urw0RPqRAGHBidDE,2022-07-04,15,64,-3,19,2,6
MA,Morocco,ChIJTxlXcl7urw0RPqRAGHBidDE,2022-07-05,15,68,3,27,3,5
MA,Morocco,ChIJTxlXcl7urw0RPqRAGHBidDE,2022-07-06,15,69,-3,25,2,4
MA,Morocco,ChIJTxlXcl7urw0RPqRAGHBidDE,2022-07-07,14,78,-13,23,-2,4
MA,Morocco,ChIJTxlXcl7urw0RPqRAGHBidDE,2022-07-08,-3,66,-30,18,-12,7
MA,Morocco,ChIJTxlXcl7urw0RPqRAGHBidDE,2022-07-09,-18,57,-44,7,-31,8
MA,Morocco,ChIJTxlXcl7urw0RPqRAGHBidDE,2022-07-10,-49,-21,-68,-30,-44,10
MA,Morocco,ChIJTxlXcl7urw0RPqRAGHBidDE,2022-07-11,-28,2,-35,-18,-66,12
MA,Morocco,ChIJTxlXcl7urw0RPqRAGHBidDE,2022-07-12,-13,14,-20,-5,-40,7
MA,Morocco,ChIJTxlXcl7urw0RPqRAGHBidDE,2022-07-13,-9,21,-12,-4,-28,7
MA,Morocco,ChIJTxlXcl7urw0RPqRAGHBidDE,2022-07-14,-6,28,-15,-6,-24,8
MA,Morocco,ChIJTxlXcl7urw0RPqRAGHBidDE,2022-07-15,-9,24,-20,-8,-18,9
MA,Morocco,ChIJTxlXcl7urw0RPqRAGHBidDE,2022-07-16,-12,20,-28,-9,-18,7
MA,Morocco,ChIJTxlXcl7urw0RPqRAGHBidDE,2022-07-17,-9,24,-29,-9,-6,3
MA,Morocco,ChIJTxlXcl7urw0RPqRAGHBidDE,2022-07-18,13,51,3,21,-11,7
MA,Morocco,ChIJTxlXcl7urw0RPqRAGHBidDE,2022-07-19,10,47,0,17,-11,11
MA,Morocco,ChIJTxlXcl7urw0RPqRAGHBidDE,2022-07-20,12,50,8,14,-9,5
MA,Morocco,ChIJTxlXcl7urw0RPqRAGHBidDE,2022-07-21,10,53,2,9,-8,5
MA,Morocco,ChIJTxlXcl7urw0RPqRAGHBidDE,2022-07-22,2,50,-19,2,-4,6
MA,Morocco,ChIJTxlXcl7urw0RPqRAGHBidDE,2022-07-23,-5,36,-40,-4,-5,5
MA,Morocco,ChIJTxlXcl7urw0RPqRAGHBidDE,2022-07-24,-14,22,-47,-17,-6,5
MA,Morocco,ChIJTxlXcl7urw0RPqRAGHBidDE,2022-07-25,9,52,-23,10,-11,6
MA,Morocco,ChIJTxlXcl7urw0RPqRAGHBidDE,2022-07-26,13,57,-21,18,-9,5
MA,Morocco,ChIJTxlXcl7urw0RPqRAGHBidDE,2022-07-27,14,62,-15,15,-8,4
MA,Morocco,ChIJTxlXcl7urw0RPqRAGHBidDE,2022-07-28,15,70,-17,9,-8,4
MA,Morocco,ChIJTxlXcl7urw0RPqRAGHBidDE,2022-07-29,10,65,-21,7,-6,5
MA,Morocco,ChIJTxlXcl7urw0RPqRAGHBidDE,2022-07-30,-5,43,-38,-2,-15,6
MA,Morocco,ChIJTxlXcl7urw0RPqRAGHBidDE,2022-07-31,-5,37,-42,-9,2,3
MA,Morocco,ChIJTxlXcl7urw0RPqRAGHBidDE,2022-08-01,17,68,-16,19,-14,3
MA,Morocco,ChIJTxlXcl7urw0RPqRAGHBidDE,2022-08-02,16,64,-15,18,-14,5
MA,Morocco,ChIJTxlXcl7urw0RPqRAGHBidDE,2022-08-03,16,65,-8,16,-13,5
MA,Morocco,ChIJTxlXcl7urw0RPqRAGHBidDE,2022-08-04,16,67,-12,9,-14,4
MA,Morocco,ChIJTxlXcl7urw0RPqRAGHBidDE,2022-08-05,8,61,-21,5,-12,4
MA,Morocco,ChIJTxlXcl7urw0RPqRAGHBidDE,2022-08-06,-2,49,-31,-2,-10,4
MA,Morocco,ChIJTxlXcl7urw0RPqRAGHBidDE,2022-08-07,-1,47,-32,-5,-1,2
MA,Morocco,ChIJTxlXcl7urw0RPqRAGHBidDE,2022-08-08,18,68,-4,20,-20,3
MA,Morocco,ChIJTxlXcl7urw0RPqRAGHBidDE,2022-08-09,20,69,1,18,-19,3
MA,Morocco,ChIJTxlXcl7urw0RPqRAGHBidDE,2022-08-10,19,66,2,13,-17,4
MA,Morocco,ChIJTxlXcl7urw0RPqRAGHBidDE,2022-08-11,16,68,-4,7,-18,4
MA,Morocco,ChIJTxlXcl7urw0RPqRAGHBidDE,2022-08-12,6,58,-17,1,-14,6
MA,Morocco,ChIJTxlXcl7urw0RPqRAGHBidDE,2022-08-13,-2,44,-30,-5,-9,5
MA,Morocco,ChIJTxlXcl7urw0RPqRAGHBidDE,2022-08-14,1,47,-28,-6,2,3
MA,Morocco,ChIJTxlXcl7urw0RPqRAGHBidDE,2022-08-15,21,72,6,17,-21,6
MA,Morocco,ChIJTxlXcl7urw0RPqRAGHBidDE,2022-08-16,20,70,10,19,-20,6
MA,Morocco,ChIJTxlXcl7urw0RPqRAGHBidDE,2022-08-17,18,71,10,13,-18,8
MA,Morocco,ChIJTxlXcl7urw0RPqRAGHBidDE,2022-08-18,17,71,3,6,-18,8
MA,Morocco,ChIJTxlXcl7urw0RPqRAGHBidDE,2022-08-19,8,61,-10,1,-16,9
MA,Morocco,ChIJTxlXcl7urw0RPqRAGHBidDE,2022-08-20,-3,44,-26,-6,-17,9
MA,Morocco,ChIJTxlXcl7urw0RPqRAGHBidDE,2022-08-21,-3,40,-31,-7,3,5
MA,Morocco,ChIJTxlXcl7urw0RPqRAGHBidDE,2022-08-22,16,64,-4,14,-19,7
MA,Morocco,ChIJTxlXcl7urw0RPqRAGHBidDE,2022-08-23,17,68,2,15,-19,8
MA,Morocco,ChIJTxlXcl7urw0RPqRAGHBidDE,2022-08-24,14,64,-1,10,-17,8
MA,Morocco,ChIJTxlXcl7urw0RPqRAGHBidDE,2022-08-25,14,68,-5,6,-16,8
MA,Morocco,ChIJTxlXcl7urw0RPqRAGHBidDE,2022-08-26,6,60,-15,0,-12,9
MA,Morocco,ChIJTxlXcl7urw0RPqRAGHBidDE,2022-08-27,0,50,-25,-3,-8,8
MA,Morocco,ChIJTxlXcl7urw0RPqRAGHBidDE,2022-08-28,3,49,-29,-7,5,6
MA,Morocco,ChIJTxlXcl7urw0RPqRAGHBidDE,2022-08-29,19,70,-8,13,-14,7
MA,Morocco,ChIJTxlXcl7urw0RPqRAGHBidDE,2022-08-30,22,73,-4,16,-13,8
MA,Morocco,ChIJTxlXcl7urw0RPqRAGHBidDE,2022-08-31,19,69,-11,10,-10,7
MA,Morocco,ChIJTxlXcl7urw0RPqRAGHBidDE,2022-09-01,20,76,-18,9,-9,6
MA,Morocco,ChIJTxlXcl7urw0RPqRAGHBidDE,2022-09-02,16,76,-16,8,-3,7
MA,Morocco,ChIJTxlXcl7urw0RPqRAGHBidDE,2022-09-03,12,66,-26,2,-2,7
MA,Morocco,ChIJTxlXcl7urw0RPqRAGHBidDE,2022-09-04,12,65,-30,0,6,5
MA,Morocco,ChIJTxlXcl7urw0RPqRAGHBidDE,2022-09-05,27,86,-8,24,-6,5
MA,Morocco,ChIJTxlXcl7urw0RPqRAGHBidDE,2022-09-06,29,87,-5,24,-6,6
MA,Morocco,ChIJTxlXcl7urw0RPqRAGHBidDE,2022-09-07,25,78,-4,19,-3,7
MA,Morocco,ChIJTxlXcl7urw0RPqRAGHBidDE,2022-09-08,25,80,-8,10,-3,7
MA,Morocco,ChIJTxlXcl7urw0RPqRAGHBidDE,2022-09-09,17,74,-13,8,1,7
MA,Morocco,ChIJTxlXcl7urw0RPqRAGHBidDE,2022-09-10,12,62,-22,3,2,7
MA,Morocco,ChIJTxlXcl7urw0RPqRAGHBidDE,2022-09-11,9,56,-31,-4,9,8
MA,Morocco,ChIJTxlXcl7urw0RPqRAGHBidDE,2022-09-12,26,82,-5,22,-3,5
MA,Morocco,ChIJTxlXcl7urw0RPqRAGHBidDE,2022-09-13,27,80,-7,21,-4,6
MA,Morocco,ChIJTxlXcl7urw0RPqRAGHBidDE,2022-09-14,22,73,-3,19,-1,6
MA,Morocco,ChIJTxlXcl7urw0RPqRAGHBidDE,2022-09-15,21,74,-8,12,-2,6
MA,Morocco,ChIJTxlXcl7urw0RPqRAGHBidDE,2022-09-16,14,70,-16,7,4,7
MA,Morocco,ChIJTxlXcl7urw0RPqRAGHBidDE,2022-09-17,11,61,-20,4,2,7
MA,Morocco,ChIJTxlXcl7urw0RPqRAGHBidDE,2022-09-18,10,58,-25,0,8,7
MA,Morocco,ChIJTxlXcl7urw0RPqRAGHBidDE,2022-09-19,22,77,-4,22,-3,6
MA,Morocco,ChIJTxlXcl7urw0RPqRAGHBidDE,2022-09-20,23,75,-3,21,-1,6
MA,Morocco,ChIJTxlXcl7urw0RPqRAGHBidDE,2022-09-21,20,70,-6,16,0,7
MA,Morocco,ChIJTxlXcl7urw0RPqRAGHBidDE,2022-09-22,20,72,-10,8,0,7
MA,Morocco,ChIJTxlXcl7urw0RPqRAGHBidDE,2022-09-23,14,63,-17,3,7,7
MA,Morocco,ChIJTxlXcl7urw0RPqRAGHBidDE,2022-09-24,10,58,-21,0,3,7
MA,Morocco,ChIJTxlXcl7urw0RPqRAGHBidDE,2022-09-25,2,43,-40,-8,6,9
MA,Morocco,ChIJTxlXcl7urw0RPqRAGHBidDE,2022-09-26,23,77,-1,21,3,6
MA,Morocco,ChIJTxlXcl7urw0RPqRAGHBidDE,2022-09-27,22,66,-12,15,4,7
MA,Morocco,ChIJTxlXcl7urw0RPqRAGHBidDE,2022-09-28,20,70,-6,15,5,7
MA,Morocco,ChIJTxlXcl7urw0RPqRAGHBidDE,2022-09-29,20,77,-9,10,5,6
MA,Morocco,ChIJTxlXcl7urw0RPqRAGHBidDE,2022-09-30,16,70,-16,9,11,7
MA,Morocco,ChIJTxlXcl7urw0RPqRAGHBidDE,2022-10-01,15,67,-19,7,8,7
MA,Morocco,ChIJTxlXcl7urw0RPqRAGHBidDE,2022-10-02,14,62,-20,1,10,8
MA,Morocco,ChIJTxlXcl7urw0RPqRAGHBidDE,2022-10-03,24,77,-6,28,7,5
MA,Morocco,ChIJTxlXcl7urw0RPqRAGHBidDE,2022-10-04,24,74,-2,25,8,6
MA,Morocco,ChIJTxlXcl7urw0RPqRAGHBidDE,2022-10-05,24,73,-2,20,10,6
MA,Morocco,ChIJTxlXcl7urw0RPqRAGHBidDE,2022-10-06,21,75,-6,14,13,6
MA,Morocco,ChIJTxlXcl7urw0RPqRAGHBidDE,2022-10-07,17,69,-12,16,16,5
MA,Morocco,ChIJTxlXcl7urw0RPqRAGHBidDE,2022-10-08,14,67,-15,11,8,5
MA,Morocco,ChIJTxlXcl7urw0RPqRAGHBidDE,2022-10-09,13,55,-9,0,2,5
MA,Morocco,ChIJTxlXcl7urw0RPqRAGHBidDE,2022-10-10,25,74,8,19,-31,9
MA,Morocco,ChIJTxlXcl7urw0RPqRAGHBidDE,2022-10-11,22,69,-2,25,9,5
MA,Morocco,ChIJTxlXcl7urw0RPqRAGHBidDE,2022-10-12,17,61,-12,14,11,7
MA,Morocco,ChIJTxlXcl7urw0RPqRAGHBidDE,2022-10-13,24,80,0,14,12,5
MA,Morocco,ChIJTxlXcl7urw0RPqRAGHBidDE,2022-10-14,17,71,-5,9,18,7
MA,Morocco,ChIJTxlXcl7urw0RPqRAGHBidDE,2022-10-15,12,62,-12,5,12,7
